WIDTH=8;
DEPTH=8192;

ADDRESS_RADIX=HEX;
DATA_RADIX=HEX;

CONTENT BEGIN
    0000 : 00;
    0001 : 01;
    0002 : 01;
    0003 : 00;
    0004 : 00;
    0005 : 00;
    0006 : 00;
    0007 : 00;
    0008 : 00;
    0009 : 00;
    000A : 00;
    000B : 01;
    000C : 01;
    000D : 00;
    000E : 00;
    000F : 00;
    0010 : 01;
    0011 : 8D;
    0012 : 8D;
    0013 : 01;
    0014 : 00;
    0015 : 00;
    0016 : 00;
    0017 : 00;
    0018 : 00;
    0019 : 00;
    001A : 01;
    001B : D6;
    001C : D6;
    001D : 01;
    001E : 00;
    001F : 00;
    0020 : 01;
    0021 : 8D;
    0022 : 8D;
    0023 : 8D;
    0024 : 01;
    0025 : 01;
    0026 : 01;
    0027 : 01;
    0028 : 01;
    0029 : 01;
    002A : AD;
    002B : D6;
    002C : B2;
    002D : 01;
    002E : 00;
    002F : 00;
    0030 : 01;
    0031 : 8D;
    0032 : 8D;
    0033 : AD;
    0034 : 89;
    0035 : 8D;
    0036 : B1;
    0037 : FB;
    0038 : FF;
    0039 : FF;
    003A : 01;
    003B : 01;
    003C : B2;
    003D : 01;
    003E : 00;
    003F : 00;
    0040 : 01;
    0041 : 8D;
    0042 : 8D;
    0043 : 8D;
    0044 : 8D;
    0045 : 01;
    0046 : 01;
    0047 : D6;
    0048 : FB;
    0049 : B2;
    004A : 89;
    004B : D6;
    004C : FF;
    004D : D6;
    004E : 01;
    004F : 00;
    0050 : 01;
    0051 : B1;
    0052 : 8D;
    0053 : 89;
    0054 : 8D;
    0055 : D6;
    0056 : DA;
    0057 : B1;
    0058 : 01;
    0059 : 01;
    005A : 01;
    005B : 01;
    005C : 68;
    005D : B6;
    005E : 01;
    005F : 00;
    0060 : 00;
    0061 : 01;
    0062 : B2;
    0063 : 8D;
    0064 : 68;
    0065 : B2;
    0066 : AD;
    0067 : 01;
    0068 : 20;
    0069 : 20;
    006A : 20;
    006B : 20;
    006C : 01;
    006D : 68;
    006E : B1;
    006F : 01;
    0070 : 00;
    0071 : 01;
    0072 : 89;
    0073 : 68;
    0074 : 69;
    0075 : AD;
    0076 : 01;
    0077 : 20;
    0078 : 20;
    0079 : 20;
    007A : 20;
    007B : 20;
    007C : 20;
    007D : 44;
    007E : 8D;
    007F : 01;
    0080 : 00;
    0081 : 00;
    0082 : 01;
    0083 : 44;
    0084 : 89;
    0085 : 8D;
    0086 : 01;
    0087 : 20;
    0088 : 20;
    0089 : 20;
    008A : 20;
    008B : 20;
    008C : 44;
    008D : 44;
    008E : 8D;
    008F : 01;
    0090 : 00;
    0091 : 00;
    0092 : 01;
    0093 : 44;
    0094 : 69;
    0095 : 8D;
    0096 : 01;
    0097 : 44;
    0098 : 40;
    0099 : 20;
    009A : 20;
    009B : 40;
    009C : 44;
    009D : 69;
    009E : AD;
    009F : 01;
    00A0 : 00;
    00A1 : 00;
    00A2 : 01;
    00A3 : B1;
    00A4 : 8D;
    00A5 : AD;
    00A6 : AD;
    00A7 : 01;
    00A8 : 64;
    00A9 : 64;
    00AA : 64;
    00AB : 64;
    00AC : 88;
    00AD : 8D;
    00AE : 01;
    00AF : 00;
    00B0 : 00;
    00B1 : 00;
    00B2 : 01;
    00B3 : B1;
    00B4 : AD;
    00B5 : AD;
    00B6 : AD;
    00B7 : 8D;
    00B8 : 8D;
    00B9 : 89;
    00BA : 89;
    00BB : 89;
    00BC : 8D;
    00BD : 8D;
    00BE : 01;
    00BF : 00;
    00C0 : 00;
    00C1 : 00;
    00C2 : 01;
    00C3 : B1;
    00C4 : AD;
    00C5 : AD;
    00C6 : 8D;
    00C7 : 8D;
    00C8 : 8D;
    00C9 : 8D;
    00CA : 69;
    00CB : 89;
    00CC : 8D;
    00CD : 01;
    00CE : 00;
    00CF : 00;
    00D0 : 00;
    00D1 : 01;
    00D2 : B6;
    00D3 : B1;
    00D4 : B1;
    00D5 : B1;
    00D6 : AD;
    00D7 : AD;
    00D8 : AD;
    00D9 : 8D;
    00DA : 8D;
    00DB : 8D;
    00DC : 8D;
    00DD : B1;
    00DE : 01;
    00DF : 00;
    00E0 : 00;
    00E1 : 01;
    00E2 : B2;
    00E3 : B1;
    00E4 : B1;
    00E5 : B1;
    00E6 : AD;
    00E7 : AD;
    00E8 : 8D;
    00E9 : 8D;
    00EA : 8D;
    00EB : 8D;
    00EC : AD;
    00ED : B1;
    00EE : 01;
    00EF : 00;
    00F0 : 00;
    00F1 : 01;
    00F2 : B1;
    00F3 : B1;
    00F4 : B1;
    00F5 : B1;
    00F6 : B1;
    00F7 : AD;
    00F8 : 8D;
    00F9 : AD;
    00FA : 8D;
    00FB : 8D;
    00FC : 8D;
    00FD : B1;
    00FE : 01;
    00FF : 00;
    0100 : 00;
    0101 : 01;
    0102 : 01;
    0103 : 00;
    0104 : 00;
    0105 : 00;
    0106 : 00;
    0107 : 00;
    0108 : 00;
    0109 : 00;
    010A : 00;
    010B : 01;
    010C : 01;
    010D : 00;
    010E : 00;
    010F : 00;
    0110 : 01;
    0111 : 8D;
    0112 : 8D;
    0113 : 01;
    0114 : 00;
    0115 : 00;
    0116 : 00;
    0117 : 00;
    0118 : 00;
    0119 : 00;
    011A : 01;
    011B : D6;
    011C : D6;
    011D : 01;
    011E : 00;
    011F : 00;
    0120 : 01;
    0121 : 8D;
    0122 : 8D;
    0123 : 8D;
    0124 : 01;
    0125 : 01;
    0126 : 01;
    0127 : 01;
    0128 : 01;
    0129 : 01;
    012A : AD;
    012B : D6;
    012C : D6;
    012D : 01;
    012E : 00;
    012F : 00;
    0130 : 01;
    0131 : 8D;
    0132 : 8D;
    0133 : 8D;
    0134 : 8D;
    0135 : 8D;
    0136 : 8D;
    0137 : 8D;
    0138 : FF;
    0139 : DB;
    013A : 8D;
    013B : B1;
    013C : B2;
    013D : 01;
    013E : 00;
    013F : 00;
    0140 : 01;
    0141 : 8D;
    0142 : 8D;
    0143 : 8D;
    0144 : 68;
    0145 : 68;
    0146 : B1;
    0147 : FA;
    0148 : FB;
    0149 : FF;
    014A : FB;
    014B : D6;
    014C : B1;
    014D : B1;
    014E : 01;
    014F : 00;
    0150 : 01;
    0151 : 8D;
    0152 : 8D;
    0153 : AD;
    0154 : 8D;
    0155 : 8D;
    0156 : B1;
    0157 : 01;
    0158 : DA;
    0159 : FB;
    015A : FF;
    015B : 01;
    015C : 01;
    015D : D6;
    015E : 01;
    015F : 00;
    0160 : 01;
    0161 : 01;
    0162 : 8D;
    0163 : 8D;
    0164 : 8D;
    0165 : 8D;
    0166 : D6;
    0167 : 01;
    0168 : D6;
    0169 : FB;
    016A : FB;
    016B : FB;
    016C : FB;
    016D : D6;
    016E : FB;
    016F : 01;
    0170 : 00;
    0171 : 01;
    0172 : B1;
    0173 : 8D;
    0174 : 68;
    0175 : 68;
    0176 : B2;
    0177 : D6;
    0178 : D6;
    0179 : DA;
    017A : B2;
    017B : AD;
    017C : D2;
    017D : B2;
    017E : B1;
    017F : 01;
    0180 : 00;
    0181 : 01;
    0182 : 48;
    0183 : 44;
    0184 : 44;
    0185 : 8D;
    0186 : B1;
    0187 : 8D;
    0188 : 8D;
    0189 : 8D;
    018A : 89;
    018B : 89;
    018C : 68;
    018D : 8D;
    018E : 8D;
    018F : 01;
    0190 : 00;
    0191 : 01;
    0192 : 68;
    0193 : 24;
    0194 : 24;
    0195 : 8D;
    0196 : 8D;
    0197 : 8D;
    0198 : 8D;
    0199 : 8D;
    019A : 8D;
    019B : 8D;
    019C : 8D;
    019D : 8D;
    019E : 8D;
    019F : 01;
    01A0 : 00;
    01A1 : 00;
    01A2 : 01;
    01A3 : 20;
    01A4 : 44;
    01A5 : 8D;
    01A6 : 8D;
    01A7 : 8D;
    01A8 : 8D;
    01A9 : 8D;
    01AA : 8D;
    01AB : 8D;
    01AC : 89;
    01AD : 8D;
    01AE : 01;
    01AF : 00;
    01B0 : 00;
    01B1 : 00;
    01B2 : 01;
    01B3 : 44;
    01B4 : 44;
    01B5 : 8D;
    01B6 : 8D;
    01B7 : 8D;
    01B8 : 8D;
    01B9 : 8D;
    01BA : 6C;
    01BB : 6C;
    01BC : 6C;
    01BD : 8D;
    01BE : 01;
    01BF : 00;
    01C0 : 00;
    01C1 : 00;
    01C2 : 01;
    01C3 : 91;
    01C4 : 8D;
    01C5 : AD;
    01C6 : AD;
    01C7 : AD;
    01C8 : 8D;
    01C9 : 8D;
    01CA : 8D;
    01CB : 8D;
    01CC : 8D;
    01CD : 8D;
    01CE : 01;
    01CF : 00;
    01D0 : 00;
    01D1 : 01;
    01D2 : B1;
    01D3 : B1;
    01D4 : B1;
    01D5 : B1;
    01D6 : AD;
    01D7 : 8D;
    01D8 : 8D;
    01D9 : 8D;
    01DA : 8D;
    01DB : 8D;
    01DC : 8D;
    01DD : 8D;
    01DE : 01;
    01DF : 00;
    01E0 : 00;
    01E1 : 01;
    01E2 : B1;
    01E3 : B1;
    01E4 : B1;
    01E5 : B1;
    01E6 : B1;
    01E7 : 8D;
    01E8 : 8D;
    01E9 : 8D;
    01EA : 8D;
    01EB : 8D;
    01EC : 8D;
    01ED : 8D;
    01EE : 01;
    01EF : 00;
    01F0 : 00;
    01F1 : 01;
    01F2 : B1;
    01F3 : B1;
    01F4 : B1;
    01F5 : B1;
    01F6 : AD;
    01F7 : B1;
    01F8 : B1;
    01F9 : 8D;
    01FA : 8D;
    01FB : 8D;
    01FC : 8D;
    01FD : 8D;
    01FE : 01;
    01FF : 00;
    0200 : 24;
    0201 : 44;
    0202 : 24;
    0203 : 24;
    0204 : 69;
    0205 : 68;
    0206 : 49;
    0207 : 69;
    0208 : 6D;
    0209 : 6D;
    020A : 92;
    020B : 92;
    020C : 92;
    020D : 6D;
    020E : 01;
    020F : 48;
    0210 : 24;
    0211 : 24;
    0212 : 24;
    0213 : 24;
    0214 : 69;
    0215 : 69;
    0216 : 49;
    0217 : 49;
    0218 : 69;
    0219 : 6D;
    021A : 92;
    021B : 92;
    021C : 92;
    021D : 92;
    021E : 01;
    021F : 01;
    0220 : 24;
    0221 : 24;
    0222 : 24;
    0223 : 24;
    0224 : 48;
    0225 : 6D;
    0226 : 6D;
    0227 : 49;
    0228 : 6D;
    0229 : 6D;
    022A : 92;
    022B : 92;
    022C : 92;
    022D : 92;
    022E : 01;
    022F : 01;
    0230 : 24;
    0231 : 24;
    0232 : 24;
    0233 : 48;
    0234 : 6D;
    0235 : 91;
    0236 : B6;
    0237 : B6;
    0238 : B6;
    0239 : 8D;
    023A : 92;
    023B : 6D;
    023C : 92;
    023D : 92;
    023E : 01;
    023F : 01;
    0240 : 24;
    0241 : 24;
    0242 : 69;
    0243 : B6;
    0244 : 6D;
    0245 : 6D;
    0246 : 44;
    0247 : DA;
    0248 : DB;
    0249 : DB;
    024A : B6;
    024B : 92;
    024C : 92;
    024D : 92;
    024E : 49;
    024F : 01;
    0250 : 44;
    0251 : 92;
    0252 : 92;
    0253 : B6;
    0254 : DB;
    0255 : 92;
    0256 : 92;
    0257 : DB;
    0258 : FF;
    0259 : DA;
    025A : B1;
    025B : B1;
    025C : 8D;
    025D : 92;
    025E : 6D;
    025F : 01;
    0260 : 6D;
    0261 : 92;
    0262 : 91;
    0263 : B6;
    0264 : D6;
    0265 : B6;
    0266 : AD;
    0267 : DA;
    0268 : D6;
    0269 : 6D;
    026A : 01;
    026B : 68;
    026C : 91;
    026D : 6D;
    026E : 92;
    026F : 24;
    0270 : 91;
    0271 : B6;
    0272 : 91;
    0273 : B2;
    0274 : B1;
    0275 : 8D;
    0276 : 89;
    0277 : 8D;
    0278 : DA;
    0279 : DA;
    027A : 28;
    027B : 8D;
    027C : B1;
    027D : 8D;
    027E : 69;
    027F : 8D;
    0280 : B6;
    0281 : B6;
    0282 : 91;
    0283 : 91;
    0284 : 69;
    0285 : 20;
    0286 : 8D;
    0287 : 91;
    0288 : B1;
    0289 : DB;
    028A : DB;
    028B : DA;
    028C : B1;
    028D : B1;
    028E : 6D;
    028F : 6D;
    0290 : B6;
    0291 : D6;
    0292 : B2;
    0293 : 6D;
    0294 : 01;
    0295 : 01;
    0296 : 01;
    0297 : 91;
    0298 : 8D;
    0299 : B6;
    029A : B6;
    029B : B6;
    029C : 91;
    029D : 8D;
    029E : 69;
    029F : 69;
    02A0 : B6;
    02A1 : D6;
    02A2 : B6;
    02A3 : 6D;
    02A4 : 44;
    02A5 : 01;
    02A6 : 01;
    02A7 : 6D;
    02A8 : 92;
    02A9 : 92;
    02AA : 92;
    02AB : 92;
    02AC : B2;
    02AD : 91;
    02AE : B1;
    02AF : 8D;
    02B0 : DA;
    02B1 : B6;
    02B2 : B2;
    02B3 : 91;
    02B4 : 8D;
    02B5 : 44;
    02B6 : 44;
    02B7 : 49;
    02B8 : 92;
    02B9 : 8D;
    02BA : B2;
    02BB : B2;
    02BC : B6;
    02BD : 8D;
    02BE : B1;
    02BF : 24;
    02C0 : DB;
    02C1 : DA;
    02C2 : B6;
    02C3 : 92;
    02C4 : 8D;
    02C5 : 8D;
    02C6 : 6D;
    02C7 : 92;
    02C8 : 92;
    02C9 : 91;
    02CA : 92;
    02CB : B6;
    02CC : B6;
    02CD : B6;
    02CE : 8D;
    02CF : 24;
    02D0 : DB;
    02D1 : DA;
    02D2 : B6;
    02D3 : 8D;
    02D4 : 8D;
    02D5 : 8D;
    02D6 : 8D;
    02D7 : 91;
    02D8 : 92;
    02D9 : 91;
    02DA : B6;
    02DB : B6;
    02DC : B6;
    02DD : B6;
    02DE : 92;
    02DF : 48;
    02E0 : DA;
    02E1 : B6;
    02E2 : B6;
    02E3 : 91;
    02E4 : 6D;
    02E5 : 6D;
    02E6 : 8D;
    02E7 : 92;
    02E8 : 92;
    02E9 : B6;
    02EA : B6;
    02EB : 92;
    02EC : 92;
    02ED : 92;
    02EE : 92;
    02EF : 6D;
    02F0 : B6;
    02F1 : B2;
    02F2 : B6;
    02F3 : 91;
    02F4 : 8D;
    02F5 : 91;
    02F6 : 6D;
    02F7 : 91;
    02F8 : 92;
    02F9 : 92;
    02FA : 92;
    02FB : 92;
    02FC : 92;
    02FD : 6D;
    02FE : 92;
    02FF : 6D;
    0300 : F6;
    0301 : 20;
    0302 : 20;
    0303 : 44;
    0304 : 20;
    0305 : 44;
    0306 : 68;
    0307 : 69;
    0308 : 89;
    0309 : D1;
    030A : D1;
    030B : D1;
    030C : D1;
    030D : D1;
    030E : D1;
    030F : D1;
    0310 : AD;
    0311 : AD;
    0312 : 20;
    0313 : 40;
    0314 : 44;
    0315 : 44;
    0316 : 44;
    0317 : 64;
    0318 : D5;
    0319 : D1;
    031A : D1;
    031B : D1;
    031C : D1;
    031D : D1;
    031E : D1;
    031F : D1;
    0320 : A8;
    0321 : A9;
    0322 : AD;
    0323 : AD;
    0324 : AD;
    0325 : D1;
    0326 : D1;
    0327 : D1;
    0328 : D1;
    0329 : D1;
    032A : FA;
    032B : D1;
    032C : D1;
    032D : D1;
    032E : B1;
    032F : AD;
    0330 : 89;
    0331 : A8;
    0332 : AD;
    0333 : CD;
    0334 : D1;
    0335 : D1;
    0336 : D1;
    0337 : AD;
    0338 : AD;
    0339 : D1;
    033A : D1;
    033B : D1;
    033C : D1;
    033D : AD;
    033E : AD;
    033F : AD;
    0340 : 88;
    0341 : 88;
    0342 : AD;
    0343 : AD;
    0344 : 64;
    0345 : AD;
    0346 : AD;
    0347 : AD;
    0348 : AD;
    0349 : AD;
    034A : AD;
    034B : 88;
    034C : AD;
    034D : D1;
    034E : AD;
    034F : D1;
    0350 : 84;
    0351 : 88;
    0352 : AD;
    0353 : 44;
    0354 : 24;
    0355 : 20;
    0356 : AD;
    0357 : AD;
    0358 : AD;
    0359 : AD;
    035A : 44;
    035B : 24;
    035C : 44;
    035D : D1;
    035E : D1;
    035F : AD;
    0360 : 89;
    0361 : A9;
    0362 : AD;
    0363 : 44;
    0364 : 24;
    0365 : 44;
    0366 : AD;
    0367 : AD;
    0368 : AD;
    0369 : CD;
    036A : 44;
    036B : 24;
    036C : 44;
    036D : AD;
    036E : D1;
    036F : D1;
    0370 : 88;
    0371 : 88;
    0372 : 88;
    0373 : 88;
    0374 : 88;
    0375 : AD;
    0376 : 89;
    0377 : AD;
    0378 : CD;
    0379 : AD;
    037A : AD;
    037B : AD;
    037C : 8D;
    037D : AD;
    037E : CD;
    037F : D1;
    0380 : 68;
    0381 : 88;
    0382 : 88;
    0383 : 88;
    0384 : 89;
    0385 : AD;
    0386 : 64;
    0387 : 89;
    0388 : A9;
    0389 : AD;
    038A : CD;
    038B : AD;
    038C : 89;
    038D : AD;
    038E : AD;
    038F : AD;
    0390 : 68;
    0391 : 88;
    0392 : 88;
    0393 : 88;
    0394 : AD;
    0395 : AD;
    0396 : AD;
    0397 : 88;
    0398 : 88;
    0399 : D1;
    039A : AD;
    039B : D1;
    039C : AD;
    039D : AD;
    039E : CD;
    039F : AD;
    03A0 : 69;
    03A1 : 68;
    03A2 : 68;
    03A3 : AD;
    03A4 : AD;
    03A5 : AD;
    03A6 : AD;
    03A7 : 88;
    03A8 : 89;
    03A9 : AD;
    03AA : AD;
    03AB : D1;
    03AC : AD;
    03AD : AD;
    03AE : AD;
    03AF : D1;
    03B0 : 68;
    03B1 : 89;
    03B2 : 88;
    03B3 : AD;
    03B4 : 8D;
    03B5 : 89;
    03B6 : 89;
    03B7 : 40;
    03B8 : 20;
    03B9 : 89;
    03BA : AD;
    03BB : D1;
    03BC : B1;
    03BD : AD;
    03BE : D1;
    03BF : D1;
    03C0 : 44;
    03C1 : 68;
    03C2 : 89;
    03C3 : 8D;
    03C4 : AD;
    03C5 : 89;
    03C6 : 40;
    03C7 : 20;
    03C8 : 20;
    03C9 : 20;
    03CA : D1;
    03CB : D1;
    03CC : D1;
    03CD : D1;
    03CE : F5;
    03CF : D1;
    03D0 : 44;
    03D1 : 68;
    03D2 : 88;
    03D3 : 8D;
    03D4 : AD;
    03D5 : 89;
    03D6 : 64;
    03D7 : 20;
    03D8 : 20;
    03D9 : 69;
    03DA : AD;
    03DB : AD;
    03DC : D1;
    03DD : D1;
    03DE : D1;
    03DF : F5;
    03E0 : 44;
    03E1 : 69;
    03E2 : 68;
    03E3 : 88;
    03E4 : 88;
    03E5 : AD;
    03E6 : 88;
    03E7 : 40;
    03E8 : 64;
    03E9 : 88;
    03EA : AD;
    03EB : D1;
    03EC : D1;
    03ED : D1;
    03EE : CD;
    03EF : CD;
    03F0 : 44;
    03F1 : 68;
    03F2 : 44;
    03F3 : 68;
    03F4 : 88;
    03F5 : A8;
    03F6 : 89;
    03F7 : 89;
    03F8 : 89;
    03F9 : D1;
    03FA : AD;
    03FB : AD;
    03FC : AD;
    03FD : AD;
    03FE : AC;
    03FF : AD;
    0400 : 8D;
    0401 : 8D;
    0402 : 91;
    0403 : 91;
    0404 : 91;
    0405 : B1;
    0406 : 91;
    0407 : 91;
    0408 : 91;
    0409 : B1;
    040A : B1;
    040B : 91;
    040C : 91;
    040D : 91;
    040E : 91;
    040F : B1;
    0410 : 8D;
    0411 : B1;
    0412 : B1;
    0413 : B1;
    0414 : B1;
    0415 : B1;
    0416 : B1;
    0417 : B1;
    0418 : B1;
    0419 : B1;
    041A : B1;
    041B : B5;
    041C : B5;
    041D : B5;
    041E : B5;
    041F : B5;
    0420 : 8D;
    0421 : B1;
    0422 : B1;
    0423 : B1;
    0424 : FF;
    0425 : B1;
    0426 : B1;
    0427 : B1;
    0428 : B1;
    0429 : B1;
    042A : B1;
    042B : B1;
    042C : B5;
    042D : B5;
    042E : B5;
    042F : B5;
    0430 : B1;
    0431 : B1;
    0432 : B1;
    0433 : B1;
    0434 : DA;
    0435 : FA;
    0436 : B1;
    0437 : B1;
    0438 : B1;
    0439 : B1;
    043A : B1;
    043B : B1;
    043C : D6;
    043D : B5;
    043E : B5;
    043F : B5;
    0440 : B1;
    0441 : AD;
    0442 : B1;
    0443 : B1;
    0444 : B1;
    0445 : 89;
    0446 : 68;
    0447 : 8D;
    0448 : 8D;
    0449 : 8D;
    044A : 8D;
    044B : B2;
    044C : DA;
    044D : B5;
    044E : B5;
    044F : B5;
    0450 : B1;
    0451 : B1;
    0452 : B1;
    0453 : B1;
    0454 : B1;
    0455 : 68;
    0456 : 8D;
    0457 : B1;
    0458 : 8D;
    0459 : 88;
    045A : 8D;
    045B : DA;
    045C : D6;
    045D : B5;
    045E : B5;
    045F : B5;
    0460 : B1;
    0461 : B1;
    0462 : B1;
    0463 : B1;
    0464 : B1;
    0465 : B1;
    0466 : DA;
    0467 : DA;
    0468 : 8D;
    0469 : B1;
    046A : B1;
    046B : DA;
    046C : FB;
    046D : B1;
    046E : B5;
    046F : B5;
    0470 : AD;
    0471 : B1;
    0472 : 48;
    0473 : 44;
    0474 : 92;
    0475 : B6;
    0476 : DA;
    0477 : DB;
    0478 : D6;
    0479 : D6;
    047A : D6;
    047B : FF;
    047C : FF;
    047D : B1;
    047E : B1;
    047F : B1;
    0480 : 8D;
    0481 : B1;
    0482 : 6D;
    0483 : 24;
    0484 : 20;
    0485 : 20;
    0486 : 48;
    0487 : 24;
    0488 : 24;
    0489 : 24;
    048A : 24;
    048B : DB;
    048C : FF;
    048D : D6;
    048E : B1;
    048F : B5;
    0490 : 8D;
    0491 : B1;
    0492 : 91;
    0493 : 24;
    0494 : 01;
    0495 : 20;
    0496 : 92;
    0497 : 24;
    0498 : 24;
    0499 : 24;
    049A : 20;
    049B : B6;
    049C : DB;
    049D : FF;
    049E : B1;
    049F : B1;
    04A0 : 8D;
    04A1 : B1;
    04A2 : 91;
    04A3 : B2;
    04A4 : B2;
    04A5 : B2;
    04A6 : B2;
    04A7 : B6;
    04A8 : 49;
    04A9 : B2;
    04AA : B6;
    04AB : B1;
    04AC : B6;
    04AD : FF;
    04AE : B6;
    04AF : B1;
    04B0 : 8D;
    04B1 : B1;
    04B2 : B1;
    04B3 : B6;
    04B4 : B2;
    04B5 : B1;
    04B6 : B6;
    04B7 : D6;
    04B8 : D6;
    04B9 : D6;
    04BA : B6;
    04BB : B1;
    04BC : B1;
    04BD : DA;
    04BE : FF;
    04BF : B1;
    04C0 : 8D;
    04C1 : 91;
    04C2 : B6;
    04C3 : B6;
    04C4 : B6;
    04C5 : B6;
    04C6 : B6;
    04C7 : B6;
    04C8 : D6;
    04C9 : DA;
    04CA : D6;
    04CB : B2;
    04CC : B6;
    04CD : DA;
    04CE : FF;
    04CF : B1;
    04D0 : 69;
    04D1 : 8D;
    04D2 : B6;
    04D3 : D6;
    04D4 : D6;
    04D5 : B6;
    04D6 : D6;
    04D7 : D6;
    04D8 : D6;
    04D9 : D6;
    04DA : D6;
    04DB : D6;
    04DC : D6;
    04DD : DB;
    04DE : FF;
    04DF : B6;
    04E0 : B2;
    04E1 : D6;
    04E2 : D6;
    04E3 : D6;
    04E4 : D6;
    04E5 : D6;
    04E6 : D6;
    04E7 : D6;
    04E8 : D6;
    04E9 : D6;
    04EA : D6;
    04EB : D6;
    04EC : D6;
    04ED : DA;
    04EE : DA;
    04EF : D6;
    04F0 : D6;
    04F1 : D6;
    04F2 : D6;
    04F3 : D6;
    04F4 : D6;
    04F5 : D6;
    04F6 : D6;
    04F7 : D6;
    04F8 : D6;
    04F9 : D6;
    04FA : D6;
    04FB : D6;
    04FC : D6;
    04FD : D6;
    04FE : D6;
    04FF : D6;
    0500 : B1;
    0501 : B1;
    0502 : AD;
    0503 : D2;
    0504 : 68;
    0505 : AD;
    0506 : 64;
    0507 : AD;
    0508 : 64;
    0509 : D6;
    050A : B1;
    050B : 8D;
    050C : B2;
    050D : 8D;
    050E : 89;
    050F : D2;
    0510 : B1;
    0511 : B1;
    0512 : AD;
    0513 : B2;
    0514 : 68;
    0515 : FA;
    0516 : 48;
    0517 : 69;
    0518 : 69;
    0519 : B2;
    051A : B2;
    051B : 8D;
    051C : B2;
    051D : 8D;
    051E : 8D;
    051F : F6;
    0520 : AD;
    0521 : B1;
    0522 : AD;
    0523 : B2;
    0524 : FF;
    0525 : FF;
    0526 : FF;
    0527 : FF;
    0528 : FF;
    0529 : 91;
    052A : 8D;
    052B : 24;
    052C : D2;
    052D : 8D;
    052E : 89;
    052F : F6;
    0530 : 8D;
    0531 : B2;
    0532 : 8D;
    0533 : FA;
    0534 : FF;
    0535 : FF;
    0536 : FF;
    0537 : FF;
    0538 : FF;
    0539 : FF;
    053A : FF;
    053B : B6;
    053C : 48;
    053D : AD;
    053E : 8D;
    053F : D6;
    0540 : 89;
    0541 : B2;
    0542 : 8D;
    0543 : FB;
    0544 : FF;
    0545 : FB;
    0546 : FB;
    0547 : FB;
    0548 : FB;
    0549 : DA;
    054A : DA;
    054B : FF;
    054C : DB;
    054D : 8D;
    054E : 8D;
    054F : B1;
    0550 : 89;
    0551 : B2;
    0552 : 8D;
    0553 : FF;
    0554 : 8D;
    0555 : 01;
    0556 : 24;
    0557 : FB;
    0558 : D6;
    0559 : 8D;
    055A : 20;
    055B : 01;
    055C : DA;
    055D : D6;
    055E : 8D;
    055F : 8D;
    0560 : 68;
    0561 : B2;
    0562 : 8D;
    0563 : FF;
    0564 : 8D;
    0565 : 01;
    0566 : 01;
    0567 : FF;
    0568 : DA;
    0569 : D6;
    056A : 01;
    056B : 20;
    056C : DA;
    056D : FB;
    056E : AD;
    056F : 89;
    0570 : 68;
    0571 : B2;
    0572 : 89;
    0573 : FF;
    0574 : FF;
    0575 : FB;
    0576 : FF;
    0577 : FF;
    0578 : FF;
    0579 : DA;
    057A : FB;
    057B : DB;
    057C : DA;
    057D : FF;
    057E : B1;
    057F : 89;
    0580 : 69;
    0581 : B2;
    0582 : 8D;
    0583 : FF;
    0584 : DA;
    0585 : FF;
    0586 : FF;
    0587 : FA;
    0588 : D6;
    0589 : DA;
    058A : DA;
    058B : B6;
    058C : B6;
    058D : FB;
    058E : B1;
    058F : 69;
    0590 : 69;
    0591 : B2;
    0592 : 69;
    0593 : FF;
    0594 : B6;
    0595 : FF;
    0596 : FF;
    0597 : D6;
    0598 : 68;
    0599 : DA;
    059A : DA;
    059B : B6;
    059C : B6;
    059D : B2;
    059E : 91;
    059F : 91;
    05A0 : 91;
    05A1 : 8D;
    05A2 : 8D;
    05A3 : FF;
    05A4 : FF;
    05A5 : FF;
    05A6 : D6;
    05A7 : 8D;
    05A8 : B1;
    05A9 : B2;
    05AA : B6;
    05AB : B6;
    05AC : D6;
    05AD : D6;
    05AE : B6;
    05AF : B2;
    05B0 : B2;
    05B1 : B2;
    05B2 : D6;
    05B3 : FF;
    05B4 : FF;
    05B5 : FB;
    05B6 : D6;
    05B7 : 8D;
    05B8 : 8D;
    05B9 : 91;
    05BA : B1;
    05BB : B6;
    05BC : FB;
    05BD : B6;
    05BE : B6;
    05BF : B6;
    05C0 : B2;
    05C1 : B6;
    05C2 : DA;
    05C3 : FF;
    05C4 : FF;
    05C5 : FF;
    05C6 : DB;
    05C7 : B6;
    05C8 : B6;
    05C9 : B1;
    05CA : B2;
    05CB : D6;
    05CC : FB;
    05CD : B6;
    05CE : DB;
    05CF : D6;
    05D0 : B6;
    05D1 : B6;
    05D2 : DA;
    05D3 : FF;
    05D4 : FF;
    05D5 : FF;
    05D6 : DA;
    05D7 : DA;
    05D8 : DA;
    05D9 : D6;
    05DA : B6;
    05DB : DA;
    05DC : FB;
    05DD : DA;
    05DE : B6;
    05DF : FF;
    05E0 : B6;
    05E1 : D6;
    05E2 : DA;
    05E3 : FF;
    05E4 : FF;
    05E5 : FF;
    05E6 : FB;
    05E7 : DB;
    05E8 : DA;
    05E9 : DA;
    05EA : DA;
    05EB : DA;
    05EC : FB;
    05ED : FF;
    05EE : D6;
    05EF : D6;
    05F0 : D6;
    05F1 : D6;
    05F2 : DA;
    05F3 : FF;
    05F4 : FF;
    05F5 : FF;
    05F6 : DB;
    05F7 : DB;
    05F8 : FB;
    05F9 : DA;
    05FA : DB;
    05FB : DA;
    05FC : FB;
    05FD : FF;
    05FE : 64;
    05FF : 44;
    0600 : 00;
    0601 : 00;
    0602 : 00;
    0603 : 00;
    0604 : 00;
    0605 : 00;
    0606 : 00;
    0607 : 00;
    0608 : 00;
    0609 : 00;
    060A : 00;
    060B : 00;
    060C : 00;
    060D : 00;
    060E : 00;
    060F : 00;
    0610 : 00;
    0611 : 00;
    0612 : 00;
    0613 : 00;
    0614 : 00;
    0615 : B5;
    0616 : 00;
    0617 : 00;
    0618 : 00;
    0619 : DA;
    061A : 00;
    061B : 00;
    061C : 00;
    061D : 00;
    061E : 00;
    061F : 00;
    0620 : 00;
    0621 : 00;
    0622 : 00;
    0623 : 00;
    0624 : 00;
    0625 : B9;
    0626 : 00;
    0627 : 00;
    0628 : 00;
    0629 : 00;
    062A : 00;
    062B : 00;
    062C : 00;
    062D : 00;
    062E : 00;
    062F : 00;
    0630 : 00;
    0631 : 00;
    0632 : 00;
    0633 : 00;
    0634 : 00;
    0635 : BA;
    0636 : 00;
    0637 : 00;
    0638 : 00;
    0639 : BA;
    063A : 00;
    063B : 00;
    063C : 00;
    063D : 00;
    063E : 00;
    063F : 00;
    0640 : 00;
    0641 : 00;
    0642 : 00;
    0643 : 00;
    0644 : DA;
    0645 : BA;
    0646 : FF;
    0647 : DF;
    0648 : DF;
    0649 : DA;
    064A : 00;
    064B : 00;
    064C : 00;
    064D : 00;
    064E : 00;
    064F : 00;
    0650 : 00;
    0651 : 00;
    0652 : 00;
    0653 : BA;
    0654 : B9;
    0655 : B9;
    0656 : B9;
    0657 : B9;
    0658 : DA;
    0659 : BA;
    065A : DE;
    065B : DF;
    065C : 00;
    065D : 00;
    065E : 00;
    065F : 00;
    0660 : 00;
    0661 : 00;
    0662 : DF;
    0663 : B9;
    0664 : 95;
    0665 : 95;
    0666 : 95;
    0667 : 95;
    0668 : B9;
    0669 : B9;
    066A : B9;
    066B : DA;
    066C : DE;
    066D : 00;
    066E : 00;
    066F : 00;
    0670 : 00;
    0671 : B9;
    0672 : 95;
    0673 : 95;
    0674 : 95;
    0675 : 95;
    0676 : 95;
    0677 : 95;
    0678 : B9;
    0679 : B9;
    067A : B9;
    067B : BA;
    067C : DA;
    067D : DE;
    067E : 00;
    067F : 00;
    0680 : 00;
    0681 : B5;
    0682 : 95;
    0683 : 95;
    0684 : 95;
    0685 : 95;
    0686 : 95;
    0687 : 95;
    0688 : 95;
    0689 : B9;
    068A : B9;
    068B : B9;
    068C : DA;
    068D : DA;
    068E : 00;
    068F : 00;
    0690 : 00;
    0691 : 00;
    0692 : 95;
    0693 : 71;
    0694 : 95;
    0695 : 4C;
    0696 : 4C;
    0697 : 50;
    0698 : 95;
    0699 : B9;
    069A : B9;
    069B : 4C;
    069C : BA;
    069D : DE;
    069E : 00;
    069F : 00;
    06A0 : 00;
    06A1 : 00;
    06A2 : 71;
    06A3 : 71;
    06A4 : 75;
    06A5 : 95;
    06A6 : 95;
    06A7 : 70;
    06A8 : 70;
    06A9 : 95;
    06AA : B9;
    06AB : B9;
    06AC : B5;
    06AD : BA;
    06AE : 00;
    06AF : 00;
    06B0 : 00;
    06B1 : 00;
    06B2 : 70;
    06B3 : 71;
    06B4 : 70;
    06B5 : 71;
    06B6 : 70;
    06B7 : 70;
    06B8 : 4C;
    06B9 : 71;
    06BA : B5;
    06BB : B5;
    06BC : B9;
    06BD : BA;
    06BE : DB;
    06BF : 00;
    06C0 : 00;
    06C1 : 00;
    06C2 : 70;
    06C3 : 50;
    06C4 : 70;
    06C5 : 70;
    06C6 : 50;
    06C7 : 4C;
    06C8 : 4C;
    06C9 : 71;
    06CA : 95;
    06CB : B9;
    06CC : B5;
    06CD : BA;
    06CE : 00;
    06CF : 00;
    06D0 : 00;
    06D1 : 00;
    06D2 : 50;
    06D3 : 50;
    06D4 : 50;
    06D5 : 50;
    06D6 : 50;
    06D7 : 4C;
    06D8 : 4C;
    06D9 : 70;
    06DA : 71;
    06DB : B9;
    06DC : B9;
    06DD : DE;
    06DE : B6;
    06DF : 00;
    06E0 : 00;
    06E1 : 00;
    06E2 : 50;
    06E3 : 50;
    06E4 : F6;
    06E5 : D6;
    06E6 : 25;
    06E7 : 01;
    06E8 : 28;
    06E9 : 46;
    06EA : 95;
    06EB : 95;
    06EC : B9;
    06ED : DE;
    06EE : B6;
    06EF : 00;
    06F0 : 00;
    06F1 : 00;
    06F2 : 50;
    06F3 : D6;
    06F4 : B2;
    06F5 : 2B;
    06F6 : 2A;
    06F7 : 73;
    06F8 : 06;
    06F9 : 06;
    06FA : 4A;
    06FB : 95;
    06FC : B9;
    06FD : DA;
    06FE : DB;
    06FF : 00;
    0700 : 48;
    0701 : 48;
    0702 : 48;
    0703 : 48;
    0704 : 69;
    0705 : 91;
    0706 : 8D;
    0707 : 6D;
    0708 : 91;
    0709 : B1;
    070A : B6;
    070B : B6;
    070C : D6;
    070D : 6D;
    070E : 69;
    070F : 69;
    0710 : 91;
    0711 : 91;
    0712 : 6D;
    0713 : 6D;
    0714 : 91;
    0715 : 91;
    0716 : B1;
    0717 : B1;
    0718 : B1;
    0719 : B5;
    071A : 8D;
    071B : B5;
    071C : D6;
    071D : 6D;
    071E : 6D;
    071F : 69;
    0720 : 91;
    0721 : 91;
    0722 : 91;
    0723 : 91;
    0724 : 91;
    0725 : 91;
    0726 : B1;
    0727 : B1;
    0728 : B1;
    0729 : B1;
    072A : 8D;
    072B : B1;
    072C : 91;
    072D : 8D;
    072E : 8D;
    072F : 44;
    0730 : D6;
    0731 : 91;
    0732 : 91;
    0733 : 91;
    0734 : 91;
    0735 : 01;
    0736 : 01;
    0737 : 01;
    0738 : 01;
    0739 : 01;
    073A : 91;
    073B : 91;
    073C : B1;
    073D : 8D;
    073E : 44;
    073F : 24;
    0740 : B2;
    0741 : D6;
    0742 : DA;
    0743 : DA;
    0744 : FA;
    0745 : FA;
    0746 : FA;
    0747 : FA;
    0748 : FA;
    0749 : DA;
    074A : D6;
    074B : B1;
    074C : B1;
    074D : 8D;
    074E : D6;
    074F : 6D;
    0750 : B2;
    0751 : D6;
    0752 : DA;
    0753 : FA;
    0754 : FA;
    0755 : FA;
    0756 : FA;
    0757 : FA;
    0758 : D6;
    0759 : B1;
    075A : 91;
    075B : B6;
    075C : 91;
    075D : 6D;
    075E : 24;
    075F : 01;
    0760 : D6;
    0761 : D6;
    0762 : D6;
    0763 : D6;
    0764 : D6;
    0765 : D6;
    0766 : DA;
    0767 : DA;
    0768 : B1;
    0769 : B6;
    076A : DA;
    076B : D6;
    076C : D6;
    076D : 8D;
    076E : 01;
    076F : 01;
    0770 : 91;
    0771 : 24;
    0772 : 48;
    0773 : D6;
    0774 : 91;
    0775 : DA;
    0776 : DA;
    0777 : B1;
    0778 : 91;
    0779 : 01;
    077A : 01;
    077B : 48;
    077C : D6;
    077D : DA;
    077E : 01;
    077F : 01;
    0780 : B6;
    0781 : 24;
    0782 : 01;
    0783 : 48;
    0784 : D6;
    0785 : DA;
    0786 : DA;
    0787 : D6;
    0788 : 6D;
    0789 : 24;
    078A : 01;
    078B : 6D;
    078C : DA;
    078D : DA;
    078E : B2;
    078F : 69;
    0790 : DA;
    0791 : FA;
    0792 : DA;
    0793 : D6;
    0794 : B6;
    0795 : D6;
    0796 : D6;
    0797 : D6;
    0798 : B6;
    0799 : FA;
    079A : FA;
    079B : FA;
    079C : D6;
    079D : B6;
    079E : D6;
    079F : 24;
    07A0 : D6;
    07A1 : D6;
    07A2 : FA;
    07A3 : D6;
    07A4 : B1;
    07A5 : B6;
    07A6 : B6;
    07A7 : B2;
    07A8 : D6;
    07A9 : FA;
    07AA : DA;
    07AB : D6;
    07AC : B2;
    07AD : B2;
    07AE : B2;
    07AF : 24;
    07B0 : 6D;
    07B1 : B1;
    07B2 : B6;
    07B3 : D6;
    07B4 : 69;
    07B5 : 8D;
    07B6 : 8D;
    07B7 : 44;
    07B8 : D6;
    07B9 : D6;
    07BA : B6;
    07BB : 91;
    07BC : 6D;
    07BD : 8D;
    07BE : B2;
    07BF : 24;
    07C0 : 8D;
    07C1 : B6;
    07C2 : B6;
    07C3 : B6;
    07C4 : B6;
    07C5 : 48;
    07C6 : 48;
    07C7 : B6;
    07C8 : B6;
    07C9 : 91;
    07CA : 91;
    07CB : 69;
    07CC : 6D;
    07CD : 8D;
    07CE : 6D;
    07CF : 24;
    07D0 : 8D;
    07D1 : 6D;
    07D2 : 8D;
    07D3 : 6D;
    07D4 : 6D;
    07D5 : 69;
    07D6 : 69;
    07D7 : 6D;
    07D8 : 6D;
    07D9 : 6D;
    07DA : 6D;
    07DB : 69;
    07DC : 8D;
    07DD : B1;
    07DE : D6;
    07DF : 24;
    07E0 : 91;
    07E1 : 8D;
    07E2 : 69;
    07E3 : 48;
    07E4 : 44;
    07E5 : 24;
    07E6 : 24;
    07E7 : 24;
    07E8 : 44;
    07E9 : 48;
    07EA : 69;
    07EB : 6D;
    07EC : 91;
    07ED : D6;
    07EE : D6;
    07EF : B6;
    07F0 : 91;
    07F1 : 6D;
    07F2 : 69;
    07F3 : 48;
    07F4 : 48;
    07F5 : 48;
    07F6 : 49;
    07F7 : 49;
    07F8 : 48;
    07F9 : 69;
    07FA : 6D;
    07FB : 91;
    07FC : D6;
    07FD : DA;
    07FE : DA;
    07FF : DA;
    0800 : 8D;
    0801 : B2;
    0802 : B2;
    0803 : B2;
    0804 : B2;
    0805 : B2;
    0806 : D6;
    0807 : D6;
    0808 : D6;
    0809 : D6;
    080A : B2;
    080B : 49;
    080C : 24;
    080D : 24;
    080E : 24;
    080F : 69;
    0810 : 8D;
    0811 : B2;
    0812 : 91;
    0813 : 8D;
    0814 : D6;
    0815 : D6;
    0816 : D6;
    0817 : D6;
    0818 : D6;
    0819 : D6;
    081A : D6;
    081B : 8D;
    081C : 48;
    081D : 24;
    081E : 24;
    081F : 69;
    0820 : B1;
    0821 : 8D;
    0822 : 8D;
    0823 : B2;
    0824 : D6;
    0825 : D6;
    0826 : D6;
    0827 : D6;
    0828 : DA;
    0829 : DA;
    082A : D6;
    082B : B6;
    082C : B2;
    082D : 48;
    082E : 20;
    082F : 44;
    0830 : B1;
    0831 : 8D;
    0832 : 69;
    0833 : 69;
    0834 : B2;
    0835 : D6;
    0836 : D6;
    0837 : D6;
    0838 : DA;
    0839 : D6;
    083A : D6;
    083B : D6;
    083C : D6;
    083D : 8D;
    083E : 44;
    083F : 24;
    0840 : B2;
    0841 : 44;
    0842 : 01;
    0843 : 01;
    0844 : 68;
    0845 : D6;
    0846 : D6;
    0847 : D6;
    0848 : D6;
    0849 : D6;
    084A : B2;
    084B : B2;
    084C : 20;
    084D : 20;
    084E : 48;
    084F : 44;
    0850 : D6;
    0851 : 69;
    0852 : 69;
    0853 : 01;
    0854 : 68;
    0855 : D6;
    0856 : D6;
    0857 : D6;
    0858 : D6;
    0859 : B2;
    085A : D6;
    085B : 44;
    085C : 01;
    085D : 01;
    085E : 24;
    085F : 24;
    0860 : D6;
    0861 : D6;
    0862 : 48;
    0863 : 69;
    0864 : 69;
    0865 : D2;
    0866 : D2;
    0867 : B2;
    0868 : B2;
    0869 : B2;
    086A : B1;
    086B : 68;
    086C : 01;
    086D : 01;
    086E : 69;
    086F : 49;
    0870 : B6;
    0871 : D6;
    0872 : D6;
    0873 : D6;
    0874 : B2;
    0875 : B2;
    0876 : B2;
    0877 : B2;
    0878 : B2;
    0879 : B2;
    087A : B2;
    087B : 8D;
    087C : 44;
    087D : 44;
    087E : 69;
    087F : 6D;
    0880 : B2;
    0881 : B2;
    0882 : B2;
    0883 : B6;
    0884 : D2;
    0885 : AD;
    0886 : AD;
    0887 : AD;
    0888 : AD;
    0889 : B1;
    088A : B2;
    088B : D6;
    088C : D6;
    088D : D6;
    088E : D6;
    088F : B2;
    0890 : B2;
    0891 : B2;
    0892 : B2;
    0893 : B2;
    0894 : B2;
    0895 : 89;
    0896 : 89;
    0897 : AD;
    0898 : 64;
    0899 : 89;
    089A : B2;
    089B : B2;
    089C : B2;
    089D : B6;
    089E : B2;
    089F : D6;
    08A0 : 8D;
    08A1 : 8D;
    08A2 : AD;
    08A3 : AD;
    08A4 : B2;
    08A5 : B1;
    08A6 : 89;
    08A7 : 89;
    08A8 : 89;
    08A9 : B2;
    08AA : B2;
    08AB : B2;
    08AC : B2;
    08AD : B2;
    08AE : B2;
    08AF : 8D;
    08B0 : 6D;
    08B1 : 69;
    08B2 : 69;
    08B3 : 8D;
    08B4 : 8D;
    08B5 : 8D;
    08B6 : 89;
    08B7 : 8D;
    08B8 : 8D;
    08B9 : 8D;
    08BA : B2;
    08BB : B1;
    08BC : B1;
    08BD : B1;
    08BE : B1;
    08BF : 8D;
    08C0 : 8D;
    08C1 : 69;
    08C2 : 69;
    08C3 : 69;
    08C4 : 64;
    08C5 : 64;
    08C6 : 64;
    08C7 : 65;
    08C8 : 69;
    08C9 : 69;
    08CA : 89;
    08CB : 89;
    08CC : 8D;
    08CD : 8D;
    08CE : 8D;
    08CF : 8D;
    08D0 : 8D;
    08D1 : 8D;
    08D2 : 8D;
    08D3 : 8D;
    08D4 : 89;
    08D5 : 8D;
    08D6 : 69;
    08D7 : 69;
    08D8 : 69;
    08D9 : 69;
    08DA : 69;
    08DB : 69;
    08DC : 69;
    08DD : 69;
    08DE : 8D;
    08DF : 8D;
    08E0 : 8D;
    08E1 : 8D;
    08E2 : 8D;
    08E3 : 8D;
    08E4 : 8D;
    08E5 : 8D;
    08E6 : 8D;
    08E7 : 8D;
    08E8 : 8D;
    08E9 : 8D;
    08EA : 8D;
    08EB : 69;
    08EC : 69;
    08ED : 6D;
    08EE : 8D;
    08EF : 8D;
    08F0 : 8D;
    08F1 : 8D;
    08F2 : 8D;
    08F3 : 8D;
    08F4 : 6D;
    08F5 : 8D;
    08F6 : 8D;
    08F7 : 8D;
    08F8 : 8D;
    08F9 : 69;
    08FA : 69;
    08FB : 69;
    08FC : 6D;
    08FD : 6D;
    08FE : 8D;
    08FF : 8D;
    0900 : 6D;
    0901 : 6D;
    0902 : 6D;
    0903 : 6D;
    0904 : 69;
    0905 : 69;
    0906 : 69;
    0907 : 49;
    0908 : 6D;
    0909 : 49;
    090A : 69;
    090B : 48;
    090C : 48;
    090D : 69;
    090E : 48;
    090F : 48;
    0910 : 6D;
    0911 : 6D;
    0912 : 6D;
    0913 : 6D;
    0914 : 6D;
    0915 : 69;
    0916 : 69;
    0917 : 69;
    0918 : 69;
    0919 : 6D;
    091A : 8D;
    091B : 6D;
    091C : 8D;
    091D : B1;
    091E : 6D;
    091F : 69;
    0920 : 8D;
    0921 : 6D;
    0922 : 6D;
    0923 : 69;
    0924 : 69;
    0925 : 69;
    0926 : 69;
    0927 : 6D;
    0928 : 91;
    0929 : B2;
    092A : B6;
    092B : B2;
    092C : 68;
    092D : 44;
    092E : 49;
    092F : 6D;
    0930 : 6D;
    0931 : 6D;
    0932 : 6D;
    0933 : 69;
    0934 : 69;
    0935 : B2;
    0936 : B6;
    0937 : B6;
    0938 : B6;
    0939 : 92;
    093A : B2;
    093B : 40;
    093C : 01;
    093D : 01;
    093E : 01;
    093F : 6D;
    0940 : 6D;
    0941 : 6D;
    0942 : 6D;
    0943 : 6D;
    0944 : 91;
    0945 : D6;
    0946 : DA;
    0947 : B6;
    0948 : B6;
    0949 : B2;
    094A : 8D;
    094B : 20;
    094C : 24;
    094D : 01;
    094E : 8D;
    094F : 69;
    0950 : 6D;
    0951 : 6D;
    0952 : 6D;
    0953 : 6D;
    0954 : D6;
    0955 : DA;
    0956 : D6;
    0957 : B6;
    0958 : B6;
    0959 : B2;
    095A : 91;
    095B : 44;
    095C : 6D;
    095D : 8D;
    095E : 8D;
    095F : 91;
    0960 : 6D;
    0961 : 6D;
    0962 : 6D;
    0963 : 92;
    0964 : DB;
    0965 : DA;
    0966 : D6;
    0967 : B6;
    0968 : B2;
    0969 : 91;
    096A : 8D;
    096B : 8D;
    096C : 91;
    096D : B2;
    096E : 91;
    096F : 91;
    0970 : 6D;
    0971 : 6D;
    0972 : 8D;
    0973 : DB;
    0974 : DB;
    0975 : B6;
    0976 : DA;
    0977 : D6;
    0978 : 8D;
    0979 : 8D;
    097A : 64;
    097B : 44;
    097C : 8D;
    097D : 8D;
    097E : 8D;
    097F : 8D;
    0980 : 8D;
    0981 : 91;
    0982 : B6;
    0983 : DA;
    0984 : B6;
    0985 : B2;
    0986 : DA;
    0987 : B2;
    0988 : 8D;
    0989 : 69;
    098A : 40;
    098B : 69;
    098C : 6D;
    098D : 6D;
    098E : 6D;
    098F : 6D;
    0990 : 91;
    0991 : 91;
    0992 : DA;
    0993 : 8D;
    0994 : 69;
    0995 : 69;
    0996 : D6;
    0997 : B1;
    0998 : 69;
    0999 : 64;
    099A : 44;
    099B : 69;
    099C : 69;
    099D : 68;
    099E : 68;
    099F : 69;
    09A0 : B2;
    09A1 : B6;
    09A2 : B6;
    09A3 : 24;
    09A4 : 24;
    09A5 : 20;
    09A6 : D6;
    09A7 : 69;
    09A8 : 89;
    09A9 : 64;
    09AA : 44;
    09AB : 44;
    09AC : 44;
    09AD : 44;
    09AE : 44;
    09AF : 44;
    09B0 : B1;
    09B1 : B2;
    09B2 : 8D;
    09B3 : 49;
    09B4 : 01;
    09B5 : 8D;
    09B6 : D6;
    09B7 : B6;
    09B8 : B2;
    09B9 : 69;
    09BA : 44;
    09BB : 44;
    09BC : 44;
    09BD : 44;
    09BE : 44;
    09BF : 44;
    09C0 : B1;
    09C1 : B2;
    09C2 : B2;
    09C3 : 01;
    09C4 : B1;
    09C5 : B1;
    09C6 : DA;
    09C7 : D6;
    09C8 : B2;
    09C9 : 69;
    09CA : 44;
    09CB : 40;
    09CC : 20;
    09CD : 20;
    09CE : 20;
    09CF : 20;
    09D0 : B1;
    09D1 : B1;
    09D2 : D6;
    09D3 : 8D;
    09D4 : B1;
    09D5 : DA;
    09D6 : D6;
    09D7 : D6;
    09D8 : B1;
    09D9 : 69;
    09DA : 44;
    09DB : 20;
    09DC : 40;
    09DD : 44;
    09DE : 40;
    09DF : 44;
    09E0 : B6;
    09E1 : B1;
    09E2 : D6;
    09E3 : D6;
    09E4 : B6;
    09E5 : DA;
    09E6 : D6;
    09E7 : D6;
    09E8 : 8D;
    09E9 : 69;
    09EA : 44;
    09EB : 40;
    09EC : 69;
    09ED : 64;
    09EE : 64;
    09EF : 44;
    09F0 : B2;
    09F1 : D6;
    09F2 : B6;
    09F3 : D6;
    09F4 : DA;
    09F5 : DA;
    09F6 : D6;
    09F7 : B6;
    09F8 : 91;
    09F9 : 6D;
    09FA : 44;
    09FB : 44;
    09FC : 69;
    09FD : 69;
    09FE : 44;
    09FF : 69;
    0A00 : 92;
    0A01 : 92;
    0A02 : 92;
    0A03 : FF;
    0A04 : D6;
    0A05 : B6;
    0A06 : D6;
    0A07 : D6;
    0A08 : DA;
    0A09 : B6;
    0A0A : DA;
    0A0B : D6;
    0A0C : 6D;
    0A0D : 91;
    0A0E : 71;
    0A0F : FF;
    0A10 : 24;
    0A11 : 48;
    0A12 : 44;
    0A13 : 48;
    0A14 : 69;
    0A15 : 69;
    0A16 : 6D;
    0A17 : 91;
    0A18 : B6;
    0A19 : D6;
    0A1A : DB;
    0A1B : D6;
    0A1C : 8D;
    0A1D : 91;
    0A1E : 71;
    0A1F : DA;
    0A20 : 44;
    0A21 : 44;
    0A22 : 49;
    0A23 : 48;
    0A24 : 48;
    0A25 : 49;
    0A26 : 8D;
    0A27 : 91;
    0A28 : 8D;
    0A29 : B2;
    0A2A : DA;
    0A2B : B6;
    0A2C : 6D;
    0A2D : 92;
    0A2E : 91;
    0A2F : D6;
    0A30 : 20;
    0A31 : 24;
    0A32 : 24;
    0A33 : 48;
    0A34 : 48;
    0A35 : 6D;
    0A36 : 91;
    0A37 : B6;
    0A38 : 6D;
    0A39 : 6D;
    0A3A : 6D;
    0A3B : 49;
    0A3C : 49;
    0A3D : 92;
    0A3E : 71;
    0A3F : DA;
    0A40 : 24;
    0A41 : 20;
    0A42 : 24;
    0A43 : 24;
    0A44 : 49;
    0A45 : 92;
    0A46 : D6;
    0A47 : DA;
    0A48 : 91;
    0A49 : 91;
    0A4A : 69;
    0A4B : 49;
    0A4C : 49;
    0A4D : 91;
    0A4E : 91;
    0A4F : 91;
    0A50 : 24;
    0A51 : 24;
    0A52 : 24;
    0A53 : 69;
    0A54 : 69;
    0A55 : B6;
    0A56 : DA;
    0A57 : FB;
    0A58 : DA;
    0A59 : 6D;
    0A5A : 6D;
    0A5B : 6D;
    0A5C : 49;
    0A5D : 24;
    0A5E : 24;
    0A5F : 24;
    0A60 : 24;
    0A61 : 24;
    0A62 : 48;
    0A63 : 6D;
    0A64 : 8D;
    0A65 : B6;
    0A66 : FB;
    0A67 : DA;
    0A68 : FB;
    0A69 : 8D;
    0A6A : 6D;
    0A6B : 6D;
    0A6C : 01;
    0A6D : 20;
    0A6E : 20;
    0A6F : 24;
    0A70 : 24;
    0A71 : 92;
    0A72 : 44;
    0A73 : 8D;
    0A74 : B2;
    0A75 : B6;
    0A76 : FB;
    0A77 : DA;
    0A78 : FB;
    0A79 : 6D;
    0A7A : 6D;
    0A7B : 49;
    0A7C : 01;
    0A7D : 01;
    0A7E : 01;
    0A7F : 01;
    0A80 : B6;
    0A81 : D6;
    0A82 : FB;
    0A83 : 01;
    0A84 : B2;
    0A85 : B6;
    0A86 : DA;
    0A87 : DA;
    0A88 : DA;
    0A89 : 92;
    0A8A : 6D;
    0A8B : 24;
    0A8C : 01;
    0A8D : 01;
    0A8E : 01;
    0A8F : 01;
    0A90 : D6;
    0A91 : 8D;
    0A92 : D6;
    0A93 : 24;
    0A94 : 49;
    0A95 : B2;
    0A96 : D6;
    0A97 : DB;
    0A98 : 49;
    0A99 : 25;
    0A9A : 69;
    0A9B : 24;
    0A9C : 01;
    0A9D : 01;
    0A9E : 01;
    0A9F : 01;
    0AA0 : B6;
    0AA1 : 8D;
    0AA2 : B2;
    0AA3 : FA;
    0AA4 : D6;
    0AA5 : B2;
    0AA6 : D6;
    0AA7 : FB;
    0AA8 : DB;
    0AA9 : 49;
    0AAA : 8D;
    0AAB : 24;
    0AAC : 01;
    0AAD : 01;
    0AAE : 01;
    0AAF : 01;
    0AB0 : B6;
    0AB1 : B2;
    0AB2 : 89;
    0AB3 : B2;
    0AB4 : D2;
    0AB5 : AD;
    0AB6 : D2;
    0AB7 : D6;
    0AB8 : FB;
    0AB9 : FB;
    0ABA : DB;
    0ABB : 24;
    0ABC : 24;
    0ABD : 24;
    0ABE : 24;
    0ABF : 24;
    0AC0 : 91;
    0AC1 : B6;
    0AC2 : B1;
    0AC3 : 89;
    0AC4 : B1;
    0AC5 : B1;
    0AC6 : 89;
    0AC7 : B1;
    0AC8 : D6;
    0AC9 : DA;
    0ACA : 92;
    0ACB : 44;
    0ACC : 44;
    0ACD : 44;
    0ACE : 48;
    0ACF : 73;
    0AD0 : B6;
    0AD1 : B1;
    0AD2 : B2;
    0AD3 : B1;
    0AD4 : 89;
    0AD5 : 68;
    0AD6 : 64;
    0AD7 : 8D;
    0AD8 : B2;
    0AD9 : 8D;
    0ADA : 48;
    0ADB : 48;
    0ADC : 48;
    0ADD : 68;
    0ADE : 4D;
    0ADF : 53;
    0AE0 : D6;
    0AE1 : D6;
    0AE2 : B6;
    0AE3 : B2;
    0AE4 : B1;
    0AE5 : B1;
    0AE6 : B1;
    0AE7 : 8D;
    0AE8 : 69;
    0AE9 : 69;
    0AEA : 69;
    0AEB : 69;
    0AEC : 69;
    0AED : 48;
    0AEE : 2D;
    0AEF : 52;
    0AF0 : B6;
    0AF1 : D6;
    0AF2 : D6;
    0AF3 : B6;
    0AF4 : B6;
    0AF5 : B2;
    0AF6 : 91;
    0AF7 : 69;
    0AF8 : 69;
    0AF9 : 6D;
    0AFA : 69;
    0AFB : 69;
    0AFC : 69;
    0AFD : 68;
    0AFE : 2E;
    0AFF : 2E;
    0B00 : B6;
    0B01 : B6;
    0B02 : B6;
    0B03 : B6;
    0B04 : B6;
    0B05 : B2;
    0B06 : B2;
    0B07 : B2;
    0B08 : 92;
    0B09 : 92;
    0B0A : 92;
    0B0B : 92;
    0B0C : 8D;
    0B0D : 8D;
    0B0E : 92;
    0B0F : B6;
    0B10 : D6;
    0B11 : B6;
    0B12 : B6;
    0B13 : B2;
    0B14 : B2;
    0B15 : 92;
    0B16 : 92;
    0B17 : 92;
    0B18 : 92;
    0B19 : 8D;
    0B1A : 8D;
    0B1B : 8D;
    0B1C : 92;
    0B1D : B2;
    0B1E : B6;
    0B1F : D6;
    0B20 : 91;
    0B21 : 8D;
    0B22 : 69;
    0B23 : 44;
    0B24 : 6D;
    0B25 : 6D;
    0B26 : 44;
    0B27 : 44;
    0B28 : 69;
    0B29 : 6D;
    0B2A : 44;
    0B2B : 48;
    0B2C : 6D;
    0B2D : 8D;
    0B2E : 8D;
    0B2F : 91;
    0B30 : 8D;
    0B31 : 8D;
    0B32 : 91;
    0B33 : 8D;
    0B34 : 68;
    0B35 : 69;
    0B36 : 44;
    0B37 : 20;
    0B38 : 44;
    0B39 : 44;
    0B3A : 8D;
    0B3B : 8D;
    0B3C : 8D;
    0B3D : 8D;
    0B3E : 8D;
    0B3F : 6D;
    0B40 : 6D;
    0B41 : 6D;
    0B42 : 8D;
    0B43 : 8D;
    0B44 : 69;
    0B45 : 69;
    0B46 : 48;
    0B47 : 01;
    0B48 : 69;
    0B49 : 44;
    0B4A : 6D;
    0B4B : 8D;
    0B4C : 8D;
    0B4D : 8D;
    0B4E : 69;
    0B4F : 44;
    0B50 : 69;
    0B51 : 6D;
    0B52 : 8D;
    0B53 : 69;
    0B54 : 6D;
    0B55 : 8D;
    0B56 : 69;
    0B57 : 44;
    0B58 : 69;
    0B59 : 8D;
    0B5A : 6D;
    0B5B : 69;
    0B5C : 8D;
    0B5D : B2;
    0B5E : 8D;
    0B5F : 8D;
    0B60 : 8D;
    0B61 : 6D;
    0B62 : 44;
    0B63 : 01;
    0B64 : 01;
    0B65 : 01;
    0B66 : 48;
    0B67 : 69;
    0B68 : 69;
    0B69 : 69;
    0B6A : 01;
    0B6B : 01;
    0B6C : 01;
    0B6D : B1;
    0B6E : 6D;
    0B6F : 91;
    0B70 : B6;
    0B71 : 69;
    0B72 : 48;
    0B73 : 44;
    0B74 : 44;
    0B75 : 44;
    0B76 : 48;
    0B77 : 48;
    0B78 : 49;
    0B79 : 8D;
    0B7A : 68;
    0B7B : 8D;
    0B7C : 69;
    0B7D : 69;
    0B7E : 69;
    0B7F : B6;
    0B80 : B6;
    0B81 : 6D;
    0B82 : 20;
    0B83 : 01;
    0B84 : 69;
    0B85 : 8D;
    0B86 : 8D;
    0B87 : 60;
    0B88 : 40;
    0B89 : 44;
    0B8A : 8D;
    0B8B : 69;
    0B8C : 44;
    0B8D : 44;
    0B8E : 6D;
    0B8F : B6;
    0B90 : B6;
    0B91 : 69;
    0B92 : 44;
    0B93 : 48;
    0B94 : 68;
    0B95 : 44;
    0B96 : 44;
    0B97 : F2;
    0B98 : CE;
    0B99 : AD;
    0B9A : 69;
    0B9B : 69;
    0B9C : 6D;
    0B9D : 6D;
    0B9E : 6D;
    0B9F : 6D;
    0BA0 : B6;
    0BA1 : 8D;
    0BA2 : 49;
    0BA3 : 69;
    0BA4 : 68;
    0BA5 : 8D;
    0BA6 : 8D;
    0BA7 : AD;
    0BA8 : B2;
    0BA9 : 8D;
    0BAA : 8D;
    0BAB : 8D;
    0BAC : 44;
    0BAD : 01;
    0BAE : 20;
    0BAF : 20;
    0BB0 : 6D;
    0BB1 : 6D;
    0BB2 : 01;
    0BB3 : D6;
    0BB4 : FA;
    0BB5 : FA;
    0BB6 : D6;
    0BB7 : 8D;
    0BB8 : 8D;
    0BB9 : 8D;
    0BBA : 69;
    0BBB : 69;
    0BBC : 20;
    0BBD : 69;
    0BBE : 8D;
    0BBF : 68;
    0BC0 : 6D;
    0BC1 : 6D;
    0BC2 : 49;
    0BC3 : FA;
    0BC4 : FA;
    0BC5 : FA;
    0BC6 : F6;
    0BC7 : 44;
    0BC8 : 69;
    0BC9 : 48;
    0BCA : 44;
    0BCB : 8D;
    0BCC : 6D;
    0BCD : 8D;
    0BCE : 8D;
    0BCF : B2;
    0BD0 : B2;
    0BD1 : 69;
    0BD2 : 69;
    0BD3 : 8D;
    0BD4 : 8D;
    0BD5 : 8D;
    0BD6 : D6;
    0BD7 : B6;
    0BD8 : 6D;
    0BD9 : 8D;
    0BDA : 69;
    0BDB : 6D;
    0BDC : 8D;
    0BDD : 91;
    0BDE : 92;
    0BDF : D6;
    0BE0 : B6;
    0BE1 : 8D;
    0BE2 : 69;
    0BE3 : 69;
    0BE4 : 69;
    0BE5 : 69;
    0BE6 : 69;
    0BE7 : 69;
    0BE8 : 69;
    0BE9 : 69;
    0BEA : 69;
    0BEB : 69;
    0BEC : B2;
    0BED : B6;
    0BEE : B6;
    0BEF : D6;
    0BF0 : B6;
    0BF1 : B6;
    0BF2 : B6;
    0BF3 : B6;
    0BF4 : B6;
    0BF5 : B6;
    0BF6 : B6;
    0BF7 : B6;
    0BF8 : D6;
    0BF9 : B6;
    0BFA : D6;
    0BFB : D6;
    0BFC : D6;
    0BFD : D6;
    0BFE : D6;
    0BFF : D6;
    0C00 : FF;
    0C01 : FF;
    0C02 : FF;
    0C03 : FF;
    0C04 : FF;
    0C05 : FF;
    0C06 : FF;
    0C07 : FF;
    0C08 : FF;
    0C09 : FF;
    0C0A : FF;
    0C0B : FF;
    0C0C : FF;
    0C0D : FF;
    0C0E : FF;
    0C0F : FF;
    0C10 : FF;
    0C11 : FF;
    0C12 : FF;
    0C13 : FF;
    0C14 : FF;
    0C15 : FF;
    0C16 : FF;
    0C17 : FF;
    0C18 : FF;
    0C19 : FF;
    0C1A : FF;
    0C1B : FF;
    0C1C : FF;
    0C1D : FF;
    0C1E : FF;
    0C1F : FF;
    0C20 : FF;
    0C21 : 92;
    0C22 : FF;
    0C23 : FF;
    0C24 : FF;
    0C25 : FF;
    0C26 : FF;
    0C27 : FF;
    0C28 : FF;
    0C29 : FF;
    0C2A : FF;
    0C2B : FF;
    0C2C : FF;
    0C2D : FF;
    0C2E : B2;
    0C2F : FF;
    0C30 : FF;
    0C31 : D6;
    0C32 : D6;
    0C33 : B2;
    0C34 : FA;
    0C35 : FB;
    0C36 : FB;
    0C37 : FB;
    0C38 : FB;
    0C39 : FB;
    0C3A : FA;
    0C3B : F6;
    0C3C : D6;
    0C3D : B2;
    0C3E : 92;
    0C3F : FF;
    0C40 : FF;
    0C41 : FB;
    0C42 : D6;
    0C43 : FA;
    0C44 : FA;
    0C45 : FA;
    0C46 : FA;
    0C47 : F6;
    0C48 : F6;
    0C49 : D6;
    0C4A : D6;
    0C4B : D6;
    0C4C : B2;
    0C4D : B2;
    0C4E : FF;
    0C4F : FF;
    0C50 : FF;
    0C51 : FF;
    0C52 : FB;
    0C53 : FA;
    0C54 : D6;
    0C55 : B2;
    0C56 : D6;
    0C57 : D6;
    0C58 : FA;
    0C59 : D6;
    0C5A : B2;
    0C5B : 8D;
    0C5C : 8D;
    0C5D : B6;
    0C5E : FF;
    0C5F : FF;
    0C60 : FF;
    0C61 : FF;
    0C62 : FB;
    0C63 : D6;
    0C64 : 69;
    0C65 : 69;
    0C66 : D6;
    0C67 : FB;
    0C68 : D6;
    0C69 : B6;
    0C6A : 8D;
    0C6B : 69;
    0C6C : 8D;
    0C6D : B2;
    0C6E : FF;
    0C6F : FF;
    0C70 : FF;
    0C71 : FF;
    0C72 : FB;
    0C73 : D6;
    0C74 : D6;
    0C75 : FB;
    0C76 : FB;
    0C77 : FB;
    0C78 : D6;
    0C79 : B2;
    0C7A : B6;
    0C7B : D6;
    0C7C : B2;
    0C7D : B2;
    0C7E : FF;
    0C7F : FF;
    0C80 : FF;
    0C81 : FF;
    0C82 : FB;
    0C83 : D6;
    0C84 : D2;
    0C85 : FB;
    0C86 : FB;
    0C87 : D6;
    0C88 : B2;
    0C89 : B2;
    0C8A : B6;
    0C8B : B2;
    0C8C : 91;
    0C8D : 91;
    0C8E : FF;
    0C8F : FF;
    0C90 : FF;
    0C91 : 01;
    0C92 : 24;
    0C93 : D6;
    0C94 : F6;
    0C95 : D2;
    0C96 : D6;
    0C97 : B2;
    0C98 : 8D;
    0C99 : 91;
    0C9A : B2;
    0C9B : B2;
    0C9C : 91;
    0C9D : 24;
    0C9E : FF;
    0C9F : FF;
    0CA0 : FF;
    0CA1 : 01;
    0CA2 : 20;
    0CA3 : D2;
    0CA4 : D2;
    0CA5 : D2;
    0CA6 : B1;
    0CA7 : 8D;
    0CA8 : 8D;
    0CA9 : 8D;
    0CAA : 8D;
    0CAB : 8D;
    0CAC : 20;
    0CAD : 01;
    0CAE : FF;
    0CAF : FF;
    0CB0 : 01;
    0CB1 : 01;
    0CB2 : 69;
    0CB3 : D2;
    0CB4 : 89;
    0CB5 : D2;
    0CB6 : D2;
    0CB7 : B1;
    0CB8 : 44;
    0CB9 : 8D;
    0CBA : 44;
    0CBB : 20;
    0CBC : 01;
    0CBD : 01;
    0CBE : 01;
    0CBF : FF;
    0CC0 : 01;
    0CC1 : 20;
    0CC2 : B1;
    0CC3 : 89;
    0CC4 : 01;
    0CC5 : 48;
    0CC6 : D2;
    0CC7 : D2;
    0CC8 : 01;
    0CC9 : 44;
    0CCA : 01;
    0CCB : 01;
    0CCC : 01;
    0CCD : 01;
    0CCE : 01;
    0CCF : 24;
    0CD0 : 01;
    0CD1 : 44;
    0CD2 : AD;
    0CD3 : 8D;
    0CD4 : 8D;
    0CD5 : 49;
    0CD6 : D6;
    0CD7 : D2;
    0CD8 : B2;
    0CD9 : 24;
    0CDA : 01;
    0CDB : 01;
    0CDC : 01;
    0CDD : 01;
    0CDE : 01;
    0CDF : 01;
    0CE0 : FF;
    0CE1 : FF;
    0CE2 : FF;
    0CE3 : FF;
    0CE4 : FF;
    0CE5 : B2;
    0CE6 : 8D;
    0CE7 : B2;
    0CE8 : FB;
    0CE9 : FF;
    0CEA : FF;
    0CEB : FF;
    0CEC : FF;
    0CED : FF;
    0CEE : FF;
    0CEF : FF;
    0CF0 : FF;
    0CF1 : FF;
    0CF2 : FF;
    0CF3 : FF;
    0CF4 : FF;
    0CF5 : FF;
    0CF6 : FF;
    0CF7 : FF;
    0CF8 : FF;
    0CF9 : FF;
    0CFA : FF;
    0CFB : FF;
    0CFC : FF;
    0CFD : FF;
    0CFE : FF;
    0CFF : FF;
    0D00 : DB;
    0D01 : DB;
    0D02 : DA;
    0D03 : DA;
    0D04 : DA;
    0D05 : D6;
    0D06 : B1;
    0D07 : 88;
    0D08 : 8D;
    0D09 : 91;
    0D0A : D6;
    0D0B : B1;
    0D0C : B1;
    0D0D : 44;
    0D0E : 6C;
    0D0F : 92;
    0D10 : DA;
    0D11 : DA;
    0D12 : DA;
    0D13 : DA;
    0D14 : B6;
    0D15 : B6;
    0D16 : 8D;
    0D17 : 8C;
    0D18 : AC;
    0D19 : B6;
    0D1A : D6;
    0D1B : B1;
    0D1C : AC;
    0D1D : 8C;
    0D1E : 68;
    0D1F : 72;
    0D20 : D6;
    0D21 : DA;
    0D22 : D6;
    0D23 : D6;
    0D24 : D6;
    0D25 : B6;
    0D26 : 8D;
    0D27 : B6;
    0D28 : B6;
    0D29 : D6;
    0D2A : DA;
    0D2B : 8D;
    0D2C : 24;
    0D2D : 24;
    0D2E : 68;
    0D2F : 4E;
    0D30 : D6;
    0D31 : B6;
    0D32 : D6;
    0D33 : D6;
    0D34 : FF;
    0D35 : FB;
    0D36 : FB;
    0D37 : DA;
    0D38 : DA;
    0D39 : DA;
    0D3A : DA;
    0D3B : B6;
    0D3C : 95;
    0D3D : 20;
    0D3E : 68;
    0D3F : DA;
    0D40 : D6;
    0D41 : D6;
    0D42 : FB;
    0D43 : FB;
    0D44 : DA;
    0D45 : B6;
    0D46 : D6;
    0D47 : D6;
    0D48 : DA;
    0D49 : DB;
    0D4A : DB;
    0D4B : B6;
    0D4C : 8C;
    0D4D : 8C;
    0D4E : 8C;
    0D4F : B1;
    0D50 : B6;
    0D51 : D6;
    0D52 : DB;
    0D53 : DA;
    0D54 : D6;
    0D55 : B6;
    0D56 : B6;
    0D57 : DA;
    0D58 : DA;
    0D59 : DA;
    0D5A : FB;
    0D5B : FF;
    0D5C : B6;
    0D5D : 20;
    0D5E : 20;
    0D5F : 24;
    0D60 : DA;
    0D61 : DA;
    0D62 : DA;
    0D63 : D6;
    0D64 : B2;
    0D65 : B2;
    0D66 : 92;
    0D67 : D6;
    0D68 : 49;
    0D69 : 6D;
    0D6A : D6;
    0D6B : D6;
    0D6C : FF;
    0D6D : 68;
    0D6E : 64;
    0D6F : 44;
    0D70 : DA;
    0D71 : DA;
    0D72 : D6;
    0D73 : 44;
    0D74 : 69;
    0D75 : 91;
    0D76 : 91;
    0D77 : DB;
    0D78 : 92;
    0D79 : 24;
    0D7A : B6;
    0D7B : DA;
    0D7C : DA;
    0D7D : 91;
    0D7E : 68;
    0D7F : 6D;
    0D80 : DA;
    0D81 : D6;
    0D82 : B2;
    0D83 : 6D;
    0D84 : 24;
    0D85 : B6;
    0D86 : B6;
    0D87 : DA;
    0D88 : DA;
    0D89 : FB;
    0D8A : DA;
    0D8B : DA;
    0D8C : FB;
    0D8D : FF;
    0D8E : FF;
    0D8F : DB;
    0D90 : B1;
    0D91 : B6;
    0D92 : DB;
    0D93 : B6;
    0D94 : FB;
    0D95 : D6;
    0D96 : 6D;
    0D97 : 69;
    0D98 : DA;
    0D99 : FB;
    0D9A : DA;
    0D9B : B6;
    0D9C : DA;
    0D9D : FF;
    0D9E : FF;
    0D9F : DB;
    0DA0 : B6;
    0DA1 : B2;
    0DA2 : B6;
    0DA3 : B6;
    0DA4 : DB;
    0DA5 : DB;
    0DA6 : 91;
    0DA7 : 6D;
    0DA8 : DB;
    0DA9 : DB;
    0DAA : DB;
    0DAB : B6;
    0DAC : DB;
    0DAD : FF;
    0DAE : FF;
    0DAF : FF;
    0DB0 : DA;
    0DB1 : B2;
    0DB2 : 91;
    0DB3 : B6;
    0DB4 : B6;
    0DB5 : B6;
    0DB6 : B2;
    0DB7 : 44;
    0DB8 : 6D;
    0DB9 : B6;
    0DBA : B6;
    0DBB : DB;
    0DBC : FB;
    0DBD : FF;
    0DBE : FF;
    0DBF : FF;
    0DC0 : B6;
    0DC1 : B2;
    0DC2 : B6;
    0DC3 : B6;
    0DC4 : B6;
    0DC5 : 91;
    0DC6 : 69;
    0DC7 : 44;
    0DC8 : 68;
    0DC9 : B6;
    0DCA : DB;
    0DCB : DA;
    0DCC : DB;
    0DCD : FF;
    0DCE : FF;
    0DCF : FF;
    0DD0 : FF;
    0DD1 : DB;
    0DD2 : B6;
    0DD3 : B2;
    0DD4 : B2;
    0DD5 : B1;
    0DD6 : 91;
    0DD7 : 91;
    0DD8 : B6;
    0DD9 : DA;
    0DDA : DA;
    0DDB : DB;
    0DDC : FF;
    0DDD : FF;
    0DDE : FF;
    0DDF : FF;
    0DE0 : FF;
    0DE1 : DA;
    0DE2 : DA;
    0DE3 : B2;
    0DE4 : B2;
    0DE5 : B2;
    0DE6 : 91;
    0DE7 : B1;
    0DE8 : B2;
    0DE9 : DA;
    0DEA : DB;
    0DEB : FB;
    0DEC : FF;
    0DED : FF;
    0DEE : FF;
    0DEF : FF;
    0DF0 : FB;
    0DF1 : FF;
    0DF2 : FF;
    0DF3 : B6;
    0DF4 : B2;
    0DF5 : B2;
    0DF6 : B2;
    0DF7 : B6;
    0DF8 : B6;
    0DF9 : DB;
    0DFA : FB;
    0DFB : FF;
    0DFC : FB;
    0DFD : FB;
    0DFE : FB;
    0DFF : FB;
    0E00 : 6D;
    0E01 : 8D;
    0E02 : 6D;
    0E03 : 24;
    0E04 : 48;
    0E05 : 24;
    0E06 : 44;
    0E07 : 49;
    0E08 : 49;
    0E09 : 49;
    0E0A : 49;
    0E0B : 49;
    0E0C : 49;
    0E0D : 49;
    0E0E : 49;
    0E0F : 49;
    0E10 : B1;
    0E11 : 8D;
    0E12 : 8D;
    0E13 : 44;
    0E14 : 44;
    0E15 : 44;
    0E16 : 44;
    0E17 : 44;
    0E18 : 48;
    0E19 : 49;
    0E1A : 49;
    0E1B : 49;
    0E1C : 49;
    0E1D : 49;
    0E1E : 49;
    0E1F : B2;
    0E20 : B2;
    0E21 : D6;
    0E22 : FA;
    0E23 : FB;
    0E24 : FB;
    0E25 : FB;
    0E26 : FB;
    0E27 : FF;
    0E28 : FF;
    0E29 : FF;
    0E2A : FF;
    0E2B : FF;
    0E2C : FA;
    0E2D : B1;
    0E2E : D6;
    0E2F : B2;
    0E30 : B2;
    0E31 : B1;
    0E32 : B2;
    0E33 : D6;
    0E34 : D6;
    0E35 : D6;
    0E36 : D6;
    0E37 : FA;
    0E38 : FA;
    0E39 : FA;
    0E3A : FA;
    0E3B : FA;
    0E3C : FA;
    0E3D : D6;
    0E3E : D6;
    0E3F : B2;
    0E40 : 8D;
    0E41 : B6;
    0E42 : B6;
    0E43 : B6;
    0E44 : B6;
    0E45 : D6;
    0E46 : FA;
    0E47 : DA;
    0E48 : D6;
    0E49 : FA;
    0E4A : F6;
    0E4B : FA;
    0E4C : FB;
    0E4D : FB;
    0E4E : D6;
    0E4F : 8D;
    0E50 : B6;
    0E51 : B2;
    0E52 : 49;
    0E53 : 48;
    0E54 : 8D;
    0E55 : B6;
    0E56 : D6;
    0E57 : DA;
    0E58 : DA;
    0E59 : D6;
    0E5A : B1;
    0E5B : 69;
    0E5C : 8D;
    0E5D : FB;
    0E5E : FB;
    0E5F : 69;
    0E60 : B2;
    0E61 : B2;
    0E62 : 92;
    0E63 : 49;
    0E64 : 6D;
    0E65 : B6;
    0E66 : B6;
    0E67 : DA;
    0E68 : FB;
    0E69 : FA;
    0E6A : 8D;
    0E6B : 48;
    0E6C : 8D;
    0E6D : FA;
    0E6E : FA;
    0E6F : 6D;
    0E70 : B2;
    0E71 : B2;
    0E72 : B6;
    0E73 : D6;
    0E74 : B6;
    0E75 : B2;
    0E76 : B6;
    0E77 : D6;
    0E78 : FB;
    0E79 : FB;
    0E7A : FB;
    0E7B : FA;
    0E7C : D6;
    0E7D : D6;
    0E7E : FB;
    0E7F : 69;
    0E80 : 6D;
    0E81 : B2;
    0E82 : 91;
    0E83 : B6;
    0E84 : B6;
    0E85 : B2;
    0E86 : B2;
    0E87 : D6;
    0E88 : FA;
    0E89 : FB;
    0E8A : FB;
    0E8B : FB;
    0E8C : D6;
    0E8D : DA;
    0E8E : FB;
    0E8F : 49;
    0E90 : 69;
    0E91 : B2;
    0E92 : 91;
    0E93 : B2;
    0E94 : B2;
    0E95 : B2;
    0E96 : 8D;
    0E97 : 8D;
    0E98 : B2;
    0E99 : FA;
    0E9A : FB;
    0E9B : FB;
    0E9C : D6;
    0E9D : FA;
    0E9E : FF;
    0E9F : 69;
    0EA0 : 69;
    0EA1 : B2;
    0EA2 : B1;
    0EA3 : B2;
    0EA4 : 91;
    0EA5 : 8D;
    0EA6 : 8D;
    0EA7 : 8D;
    0EA8 : B1;
    0EA9 : B2;
    0EAA : D6;
    0EAB : FA;
    0EAC : D6;
    0EAD : FB;
    0EAE : FF;
    0EAF : 8D;
    0EB0 : 69;
    0EB1 : B2;
    0EB2 : B1;
    0EB3 : B2;
    0EB4 : 91;
    0EB5 : 8D;
    0EB6 : 91;
    0EB7 : 91;
    0EB8 : B1;
    0EB9 : B2;
    0EBA : B2;
    0EBB : D6;
    0EBC : FB;
    0EBD : FF;
    0EBE : FF;
    0EBF : FF;
    0EC0 : 6D;
    0EC1 : B6;
    0EC2 : B2;
    0EC3 : B2;
    0EC4 : B2;
    0EC5 : 91;
    0EC6 : 91;
    0EC7 : 91;
    0EC8 : B2;
    0EC9 : B6;
    0ECA : D6;
    0ECB : DA;
    0ECC : FA;
    0ECD : FF;
    0ECE : FF;
    0ECF : FF;
    0ED0 : 6D;
    0ED1 : B6;
    0ED2 : B6;
    0ED3 : B6;
    0ED4 : B6;
    0ED5 : B6;
    0ED6 : B6;
    0ED7 : B6;
    0ED8 : D6;
    0ED9 : D6;
    0EDA : D6;
    0EDB : FB;
    0EDC : FF;
    0EDD : FF;
    0EDE : FF;
    0EDF : FF;
    0EE0 : 6D;
    0EE1 : B6;
    0EE2 : B6;
    0EE3 : B6;
    0EE4 : B6;
    0EE5 : B6;
    0EE6 : B6;
    0EE7 : D6;
    0EE8 : D6;
    0EE9 : DA;
    0EEA : DA;
    0EEB : FB;
    0EEC : FB;
    0EED : FF;
    0EEE : FF;
    0EEF : FF;
    0EF0 : 6D;
    0EF1 : B6;
    0EF2 : B6;
    0EF3 : B6;
    0EF4 : B6;
    0EF5 : B6;
    0EF6 : B6;
    0EF7 : D6;
    0EF8 : D6;
    0EF9 : DA;
    0EFA : DA;
    0EFB : FB;
    0EFC : FF;
    0EFD : FF;
    0EFE : FF;
    0EFF : FF;
    0F00 : 8D;
    0F01 : 69;
    0F02 : 8D;
    0F03 : 69;
    0F04 : 49;
    0F05 : 91;
    0F06 : 6D;
    0F07 : 8D;
    0F08 : 69;
    0F09 : B2;
    0F0A : 8D;
    0F0B : 49;
    0F0C : 49;
    0F0D : 49;
    0F0E : 69;
    0F0F : 69;
    0F10 : 8D;
    0F11 : 6D;
    0F12 : 6D;
    0F13 : 69;
    0F14 : 6D;
    0F15 : 91;
    0F16 : 8D;
    0F17 : B2;
    0F18 : D2;
    0F19 : D6;
    0F1A : B2;
    0F1B : 69;
    0F1C : 44;
    0F1D : 69;
    0F1E : 6D;
    0F1F : 69;
    0F20 : B2;
    0F21 : 91;
    0F22 : 6D;
    0F23 : 6D;
    0F24 : 69;
    0F25 : 8D;
    0F26 : 6D;
    0F27 : D6;
    0F28 : D1;
    0F29 : D6;
    0F2A : B2;
    0F2B : 8D;
    0F2C : 69;
    0F2D : 69;
    0F2E : 45;
    0F2F : 69;
    0F30 : 01;
    0F31 : 01;
    0F32 : 6D;
    0F33 : 20;
    0F34 : 8D;
    0F35 : 8D;
    0F36 : 8D;
    0F37 : B2;
    0F38 : D1;
    0F39 : B2;
    0F3A : B2;
    0F3B : 8D;
    0F3C : 69;
    0F3D : 6D;
    0F3E : 44;
    0F3F : 6D;
    0F40 : 01;
    0F41 : 01;
    0F42 : DB;
    0F43 : 24;
    0F44 : 69;
    0F45 : 8D;
    0F46 : 8D;
    0F47 : D6;
    0F48 : D2;
    0F49 : D5;
    0F4A : B1;
    0F4B : 8D;
    0F4C : 6D;
    0F4D : 69;
    0F4E : 49;
    0F4F : 8D;
    0F50 : 01;
    0F51 : 01;
    0F52 : 20;
    0F53 : 49;
    0F54 : 44;
    0F55 : B1;
    0F56 : B2;
    0F57 : D6;
    0F58 : D2;
    0F59 : D2;
    0F5A : B1;
    0F5B : 44;
    0F5C : 20;
    0F5D : 20;
    0F5E : 01;
    0F5F : 20;
    0F60 : 69;
    0F61 : 44;
    0F62 : 44;
    0F63 : 6D;
    0F64 : 69;
    0F65 : 69;
    0F66 : DB;
    0F67 : D6;
    0F68 : D2;
    0F69 : D6;
    0F6A : B1;
    0F6B : 49;
    0F6C : 01;
    0F6D : 25;
    0F6E : 01;
    0F6F : 48;
    0F70 : 69;
    0F71 : 6D;
    0F72 : B2;
    0F73 : B6;
    0F74 : 92;
    0F75 : DF;
    0F76 : DB;
    0F77 : DA;
    0F78 : D2;
    0F79 : D2;
    0F7A : B2;
    0F7B : 44;
    0F7C : 49;
    0F7D : 8E;
    0F7E : 24;
    0F7F : 69;
    0F80 : 6D;
    0F81 : D7;
    0F82 : DB;
    0F83 : DB;
    0F84 : DB;
    0F85 : FF;
    0F86 : DB;
    0F87 : DB;
    0F88 : D2;
    0F89 : D2;
    0F8A : B2;
    0F8B : 89;
    0F8C : 64;
    0F8D : 45;
    0F8E : 44;
    0F8F : 48;
    0F90 : B7;
    0F91 : DB;
    0F92 : FB;
    0F93 : FF;
    0F94 : DB;
    0F95 : DB;
    0F96 : DB;
    0F97 : DB;
    0F98 : B1;
    0F99 : D2;
    0F9A : B2;
    0F9B : D2;
    0F9C : 8D;
    0F9D : 69;
    0F9E : 49;
    0F9F : 44;
    0FA0 : DB;
    0FA1 : FF;
    0FA2 : DB;
    0FA3 : DB;
    0FA4 : FB;
    0FA5 : D6;
    0FA6 : D7;
    0FA7 : B2;
    0FA8 : B1;
    0FA9 : AD;
    0FAA : D2;
    0FAB : D6;
    0FAC : D2;
    0FAD : B1;
    0FAE : 69;
    0FAF : 69;
    0FB0 : FF;
    0FB1 : DB;
    0FB2 : B6;
    0FB3 : B6;
    0FB4 : B6;
    0FB5 : D6;
    0FB6 : B1;
    0FB7 : 8D;
    0FB8 : 89;
    0FB9 : AD;
    0FBA : B1;
    0FBB : D6;
    0FBC : D6;
    0FBD : D6;
    0FBE : 8D;
    0FBF : 6D;
    0FC0 : DB;
    0FC1 : DB;
    0FC2 : B6;
    0FC3 : B6;
    0FC4 : B2;
    0FC5 : B2;
    0FC6 : 91;
    0FC7 : 8D;
    0FC8 : 8D;
    0FC9 : B1;
    0FCA : B2;
    0FCB : B2;
    0FCC : B6;
    0FCD : D6;
    0FCE : 8D;
    0FCF : 6D;
    0FD0 : DB;
    0FD1 : DB;
    0FD2 : B6;
    0FD3 : 92;
    0FD4 : 69;
    0FD5 : 6D;
    0FD6 : 8D;
    0FD7 : 8D;
    0FD8 : 8D;
    0FD9 : 92;
    0FDA : B2;
    0FDB : B2;
    0FDC : B6;
    0FDD : D6;
    0FDE : 91;
    0FDF : 8D;
    0FE0 : B6;
    0FE1 : B6;
    0FE2 : B7;
    0FE3 : B6;
    0FE4 : 8D;
    0FE5 : 6D;
    0FE6 : 6D;
    0FE7 : 8D;
    0FE8 : 6D;
    0FE9 : 6D;
    0FEA : 92;
    0FEB : 92;
    0FEC : B6;
    0FED : B6;
    0FEE : 91;
    0FEF : 91;
    0FF0 : B2;
    0FF1 : B2;
    0FF2 : B6;
    0FF3 : B6;
    0FF4 : B2;
    0FF5 : 92;
    0FF6 : 8D;
    0FF7 : 8D;
    0FF8 : 8D;
    0FF9 : 92;
    0FFA : B6;
    0FFB : B2;
    0FFC : B2;
    0FFD : B1;
    0FFE : B2;
    0FFF : B2;
    1000 : 01;
    1001 : 01;
    1002 : 68;
    1003 : B1;
    1004 : 91;
    1005 : 91;
    1006 : 91;
    1007 : 91;
    1008 : 91;
    1009 : 8D;
    100A : 8D;
    100B : 8D;
    100C : 91;
    100D : 8D;
    100E : 6D;
    100F : 24;
    1010 : 01;
    1011 : 01;
    1012 : 8D;
    1013 : 8D;
    1014 : B1;
    1015 : 91;
    1016 : 91;
    1017 : 91;
    1018 : 8D;
    1019 : 6D;
    101A : 6D;
    101B : 8D;
    101C : 48;
    101D : 44;
    101E : 69;
    101F : 6D;
    1020 : 01;
    1021 : 01;
    1022 : B6;
    1023 : 44;
    1024 : 44;
    1025 : B1;
    1026 : B1;
    1027 : 91;
    1028 : 6D;
    1029 : 68;
    102A : 6D;
    102B : 01;
    102C : 20;
    102D : 01;
    102E : 44;
    102F : 6D;
    1030 : 48;
    1031 : 6D;
    1032 : B6;
    1033 : B6;
    1034 : B1;
    1035 : B1;
    1036 : B1;
    1037 : B1;
    1038 : 6D;
    1039 : 91;
    103A : 44;
    103B : 8D;
    103C : B2;
    103D : 91;
    103E : 8D;
    103F : 6D;
    1040 : 6D;
    1041 : 91;
    1042 : B6;
    1043 : B5;
    1044 : B5;
    1045 : B1;
    1046 : 8D;
    1047 : AD;
    1048 : 68;
    1049 : 8D;
    104A : B5;
    104B : B1;
    104C : 91;
    104D : 6D;
    104E : 69;
    104F : 68;
    1050 : 01;
    1051 : B2;
    1052 : D6;
    1053 : D6;
    1054 : B1;
    1055 : B1;
    1056 : B1;
    1057 : 8D;
    1058 : 8D;
    1059 : B1;
    105A : D6;
    105B : B5;
    105C : 8D;
    105D : 8D;
    105E : 6D;
    105F : 48;
    1060 : 01;
    1061 : D6;
    1062 : DA;
    1063 : DA;
    1064 : B1;
    1065 : B1;
    1066 : B1;
    1067 : 89;
    1068 : B1;
    1069 : B6;
    106A : B6;
    106B : B1;
    106C : 8D;
    106D : 6D;
    106E : 48;
    106F : 49;
    1070 : 48;
    1071 : B6;
    1072 : D6;
    1073 : D6;
    1074 : D6;
    1075 : 8D;
    1076 : 64;
    1077 : 44;
    1078 : D6;
    1079 : D6;
    107A : D6;
    107B : B6;
    107C : 69;
    107D : 24;
    107E : 6D;
    107F : 6D;
    1080 : 44;
    1081 : 48;
    1082 : D6;
    1083 : B6;
    1084 : B1;
    1085 : 8D;
    1086 : 8D;
    1087 : B6;
    1088 : B6;
    1089 : B6;
    108A : 91;
    108B : 8D;
    108C : 48;
    108D : 69;
    108E : 6D;
    108F : 6D;
    1090 : 01;
    1091 : 24;
    1092 : D6;
    1093 : D6;
    1094 : 91;
    1095 : 44;
    1096 : 69;
    1097 : 91;
    1098 : 91;
    1099 : 6D;
    109A : 6D;
    109B : 24;
    109C : 49;
    109D : 6D;
    109E : 8D;
    109F : 44;
    10A0 : 24;
    10A1 : 24;
    10A2 : 44;
    10A3 : DA;
    10A4 : D6;
    10A5 : 8D;
    10A6 : 8D;
    10A7 : 20;
    10A8 : 20;
    10A9 : 24;
    10AA : 24;
    10AB : 48;
    10AC : 48;
    10AD : 6D;
    10AE : 24;
    10AF : 01;
    10B0 : 01;
    10B1 : 20;
    10B2 : D6;
    10B3 : DA;
    10B4 : DA;
    10B5 : B6;
    10B6 : 6D;
    10B7 : 6D;
    10B8 : 69;
    10B9 : 44;
    10BA : 48;
    10BB : 44;
    10BC : 44;
    10BD : 48;
    10BE : 24;
    10BF : 24;
    10C0 : 01;
    10C1 : 01;
    10C2 : DA;
    10C3 : DA;
    10C4 : DA;
    10C5 : DA;
    10C6 : 91;
    10C7 : 6D;
    10C8 : 6D;
    10C9 : 48;
    10CA : 48;
    10CB : 69;
    10CC : 6D;
    10CD : 6D;
    10CE : 69;
    10CF : 20;
    10D0 : 24;
    10D1 : 48;
    10D2 : B6;
    10D3 : D6;
    10D4 : DA;
    10D5 : DA;
    10D6 : D6;
    10D7 : B2;
    10D8 : 8D;
    10D9 : 8D;
    10DA : B2;
    10DB : B2;
    10DC : B2;
    10DD : 91;
    10DE : 6D;
    10DF : 01;
    10E0 : 01;
    10E1 : 24;
    10E2 : B5;
    10E3 : D6;
    10E4 : B6;
    10E5 : D6;
    10E6 : D6;
    10E7 : D6;
    10E8 : B6;
    10E9 : B6;
    10EA : B6;
    10EB : B6;
    10EC : B6;
    10ED : 91;
    10EE : 48;
    10EF : 01;
    10F0 : 01;
    10F1 : 91;
    10F2 : B1;
    10F3 : B1;
    10F4 : 91;
    10F5 : 91;
    10F6 : B6;
    10F7 : B6;
    10F8 : B6;
    10F9 : B2;
    10FA : 91;
    10FB : 91;
    10FC : 8D;
    10FD : 69;
    10FE : 48;
    10FF : 01;
    1100 : 80;
    1101 : 64;
    1102 : 64;
    1103 : 64;
    1104 : 44;
    1105 : 44;
    1106 : 44;
    1107 : 44;
    1108 : 40;
    1109 : 40;
    110A : 40;
    110B : 80;
    110C : C4;
    110D : C4;
    110E : E4;
    110F : E4;
    1110 : 64;
    1111 : 68;
    1112 : 64;
    1113 : 64;
    1114 : 44;
    1115 : 44;
    1116 : 64;
    1117 : 20;
    1118 : 20;
    1119 : 20;
    111A : 20;
    111B : 20;
    111C : 80;
    111D : C4;
    111E : C4;
    111F : C4;
    1120 : 68;
    1121 : 64;
    1122 : 44;
    1123 : 64;
    1124 : 44;
    1125 : 64;
    1126 : 64;
    1127 : 44;
    1128 : 20;
    1129 : 20;
    112A : 20;
    112B : 20;
    112C : 40;
    112D : A0;
    112E : 80;
    112F : 60;
    1130 : 68;
    1131 : 64;
    1132 : 64;
    1133 : 64;
    1134 : 64;
    1135 : 64;
    1136 : 68;
    1137 : 20;
    1138 : 44;
    1139 : 44;
    113A : 20;
    113B : 20;
    113C : 44;
    113D : 60;
    113E : 60;
    113F : 40;
    1140 : 68;
    1141 : 64;
    1142 : 64;
    1143 : 68;
    1144 : 69;
    1145 : 69;
    1146 : 69;
    1147 : 44;
    1148 : 69;
    1149 : 48;
    114A : 44;
    114B : 44;
    114C : 48;
    114D : 44;
    114E : 84;
    114F : 80;
    1150 : 64;
    1151 : 44;
    1152 : 44;
    1153 : 44;
    1154 : 20;
    1155 : 44;
    1156 : 69;
    1157 : 6D;
    1158 : 6E;
    1159 : 6D;
    115A : 69;
    115B : 69;
    115C : 69;
    115D : 69;
    115E : 64;
    115F : A0;
    1160 : 8D;
    1161 : 8D;
    1162 : 69;
    1163 : 69;
    1164 : 69;
    1165 : 24;
    1166 : 01;
    1167 : 24;
    1168 : 6E;
    1169 : 69;
    116A : 69;
    116B : 6D;
    116C : 6E;
    116D : 49;
    116E : 69;
    116F : 80;
    1170 : 8D;
    1171 : 92;
    1172 : 91;
    1173 : 8D;
    1174 : 69;
    1175 : 49;
    1176 : 44;
    1177 : 24;
    1178 : 44;
    1179 : 44;
    117A : 20;
    117B : 49;
    117C : 01;
    117D : 01;
    117E : 44;
    117F : 80;
    1180 : 91;
    1181 : B2;
    1182 : B2;
    1183 : 91;
    1184 : 8D;
    1185 : 8D;
    1186 : 6D;
    1187 : 44;
    1188 : 24;
    1189 : 44;
    118A : 20;
    118B : 24;
    118C : 49;
    118D : 69;
    118E : 69;
    118F : A0;
    1190 : 92;
    1191 : B2;
    1192 : B2;
    1193 : B6;
    1194 : B6;
    1195 : B2;
    1196 : 92;
    1197 : 6D;
    1198 : 6D;
    1199 : 44;
    119A : 44;
    119B : 44;
    119C : 69;
    119D : 8D;
    119E : 69;
    119F : E4;
    11A0 : B2;
    11A1 : B6;
    11A2 : B6;
    11A3 : B7;
    11A4 : B7;
    11A5 : B6;
    11A6 : 92;
    11A7 : 8E;
    11A8 : 8E;
    11A9 : 49;
    11AA : 68;
    11AB : 49;
    11AC : 6D;
    11AD : 92;
    11AE : 69;
    11AF : E4;
    11B0 : B7;
    11B1 : B7;
    11B2 : B7;
    11B3 : B7;
    11B4 : B7;
    11B5 : B7;
    11B6 : B6;
    11B7 : 92;
    11B8 : 92;
    11B9 : 92;
    11BA : 6D;
    11BB : 92;
    11BC : 92;
    11BD : 92;
    11BE : C4;
    11BF : E4;
    11C0 : B2;
    11C1 : B6;
    11C2 : B7;
    11C3 : B7;
    11C4 : B7;
    11C5 : B7;
    11C6 : B7;
    11C7 : B6;
    11C8 : 92;
    11C9 : 8E;
    11CA : 6E;
    11CB : B2;
    11CC : 92;
    11CD : 69;
    11CE : 20;
    11CF : 40;
    11D0 : 92;
    11D1 : 92;
    11D2 : B6;
    11D3 : B7;
    11D4 : B7;
    11D5 : B7;
    11D6 : B7;
    11D7 : B7;
    11D8 : B6;
    11D9 : 92;
    11DA : B2;
    11DB : 92;
    11DC : 8E;
    11DD : 24;
    11DE : 01;
    11DF : 01;
    11E0 : 8D;
    11E1 : 8D;
    11E2 : 8E;
    11E3 : 92;
    11E4 : 92;
    11E5 : 92;
    11E6 : B7;
    11E7 : B7;
    11E8 : B7;
    11E9 : B7;
    11EA : B6;
    11EB : 8D;
    11EC : 68;
    11ED : 01;
    11EE : 01;
    11EF : 01;
    11F0 : 8D;
    11F1 : 8D;
    11F2 : 8D;
    11F3 : 6D;
    11F4 : 6D;
    11F5 : 8D;
    11F6 : 8D;
    11F7 : 8D;
    11F8 : 6D;
    11F9 : 69;
    11FA : 69;
    11FB : 8D;
    11FC : 20;
    11FD : 01;
    11FE : 01;
    11FF : 01;
    1200 : 01;
    1201 : 01;
    1202 : 01;
    1203 : 01;
    1204 : 01;
    1205 : 01;
    1206 : 01;
    1207 : 01;
    1208 : 01;
    1209 : 01;
    120A : 01;
    120B : 01;
    120C : 01;
    120D : 01;
    120E : 01;
    120F : 01;
    1210 : 01;
    1211 : 01;
    1212 : 01;
    1213 : 01;
    1214 : 01;
    1215 : 01;
    1216 : 01;
    1217 : 44;
    1218 : 24;
    1219 : 01;
    121A : 01;
    121B : 01;
    121C : 01;
    121D : 01;
    121E : 01;
    121F : 01;
    1220 : 01;
    1221 : 01;
    1222 : 01;
    1223 : 01;
    1224 : 01;
    1225 : 01;
    1226 : 01;
    1227 : 01;
    1228 : 20;
    1229 : 01;
    122A : 01;
    122B : 01;
    122C : 01;
    122D : 01;
    122E : 01;
    122F : 01;
    1230 : 01;
    1231 : 01;
    1232 : 01;
    1233 : 01;
    1234 : 01;
    1235 : 01;
    1236 : 01;
    1237 : 90;
    1238 : D8;
    1239 : FC;
    123A : 90;
    123B : 01;
    123C : 01;
    123D : 01;
    123E : 01;
    123F : 01;
    1240 : 01;
    1241 : 01;
    1242 : 01;
    1243 : 01;
    1244 : 01;
    1245 : 01;
    1246 : 01;
    1247 : B4;
    1248 : F8;
    1249 : FC;
    124A : FC;
    124B : 90;
    124C : 01;
    124D : 01;
    124E : 01;
    124F : 01;
    1250 : 01;
    1251 : 01;
    1252 : 01;
    1253 : 01;
    1254 : 01;
    1255 : 01;
    1256 : 01;
    1257 : B1;
    1258 : F6;
    1259 : B1;
    125A : B1;
    125B : D8;
    125C : 01;
    125D : 01;
    125E : 01;
    125F : 01;
    1260 : 01;
    1261 : 01;
    1262 : 01;
    1263 : 01;
    1264 : 77;
    1265 : 77;
    1266 : 77;
    1267 : B6;
    1268 : FA;
    1269 : FA;
    126A : 72;
    126B : 57;
    126C : 24;
    126D : 01;
    126E : 01;
    126F : 01;
    1270 : 01;
    1271 : 01;
    1272 : 77;
    1273 : 77;
    1274 : 05;
    1275 : 01;
    1276 : 91;
    1277 : B6;
    1278 : 8D;
    1279 : 8D;
    127A : B1;
    127B : B1;
    127C : 57;
    127D : 01;
    127E : 01;
    127F : 01;
    1280 : 01;
    1281 : 04;
    1282 : 77;
    1283 : 01;
    1284 : 01;
    1285 : 01;
    1286 : 6D;
    1287 : B1;
    1288 : 8D;
    1289 : 8D;
    128A : B1;
    128B : D5;
    128C : B0;
    128D : 77;
    128E : 01;
    128F : 01;
    1290 : 01;
    1291 : 77;
    1292 : 7B;
    1293 : 01;
    1294 : 01;
    1295 : 01;
    1296 : 01;
    1297 : B1;
    1298 : 8D;
    1299 : 8D;
    129A : D8;
    129B : D8;
    129C : B0;
    129D : 77;
    129E : 77;
    129F : 01;
    12A0 : 01;
    12A1 : 77;
    12A2 : 01;
    12A3 : 01;
    12A4 : 01;
    12A5 : 01;
    12A6 : 01;
    12A7 : 6C;
    12A8 : B4;
    12A9 : D8;
    12AA : F8;
    12AB : D4;
    12AC : 68;
    12AD : 72;
    12AE : 77;
    12AF : 01;
    12B0 : 29;
    12B1 : 77;
    12B2 : 01;
    12B3 : 01;
    12B4 : 01;
    12B5 : 01;
    12B6 : 01;
    12B7 : 68;
    12B8 : B4;
    12B9 : D8;
    12BA : D8;
    12BB : D4;
    12BC : 8D;
    12BD : 01;
    12BE : 57;
    12BF : 01;
    12C0 : 57;
    12C1 : 77;
    12C2 : 01;
    12C3 : 01;
    12C4 : 01;
    12C5 : 01;
    12C6 : 01;
    12C7 : 48;
    12C8 : 68;
    12C9 : F8;
    12CA : D8;
    12CB : 6C;
    12CC : 01;
    12CD : 77;
    12CE : 77;
    12CF : 72;
    12D0 : 77;
    12D1 : 57;
    12D2 : 77;
    12D3 : 01;
    12D4 : 01;
    12D5 : 01;
    12D6 : 01;
    12D7 : 01;
    12D8 : 44;
    12D9 : B4;
    12DA : 8C;
    12DB : 01;
    12DC : 01;
    12DD : 01;
    12DE : 01;
    12DF : 01;
    12E0 : 72;
    12E1 : 72;
    12E2 : 01;
    12E3 : 01;
    12E4 : 01;
    12E5 : 01;
    12E6 : 01;
    12E7 : 44;
    12E8 : 6D;
    12E9 : 01;
    12EA : B1;
    12EB : 6D;
    12EC : 01;
    12ED : 01;
    12EE : 01;
    12EF : 01;
    12F0 : 01;
    12F1 : 01;
    12F2 : 01;
    12F3 : 01;
    12F4 : 01;
    12F5 : 01;
    12F6 : 01;
    12F7 : 01;
    12F8 : 01;
    12F9 : 01;
    12FA : 01;
    12FB : 01;
    12FC : 01;
    12FD : 01;
    12FE : 01;
    12FF : 01;
    1300 : 44;
    1301 : 44;
    1302 : 44;
    1303 : 44;
    1304 : 44;
    1305 : 44;
    1306 : 44;
    1307 : 48;
    1308 : 48;
    1309 : 48;
    130A : 48;
    130B : 48;
    130C : 48;
    130D : 6D;
    130E : 69;
    130F : 6D;
    1310 : 24;
    1311 : 24;
    1312 : 44;
    1313 : 24;
    1314 : 44;
    1315 : 44;
    1316 : 44;
    1317 : 44;
    1318 : 48;
    1319 : 48;
    131A : 48;
    131B : 48;
    131C : 44;
    131D : 69;
    131E : 69;
    131F : 69;
    1320 : 24;
    1321 : 24;
    1322 : 24;
    1323 : 24;
    1324 : 24;
    1325 : 24;
    1326 : 44;
    1327 : 44;
    1328 : 48;
    1329 : 48;
    132A : 44;
    132B : 48;
    132C : 44;
    132D : 48;
    132E : 69;
    132F : 69;
    1330 : 24;
    1331 : 24;
    1332 : 24;
    1333 : 44;
    1334 : 49;
    1335 : 69;
    1336 : 49;
    1337 : 69;
    1338 : 69;
    1339 : 69;
    133A : 48;
    133B : 44;
    133C : 24;
    133D : 48;
    133E : 48;
    133F : 48;
    1340 : 01;
    1341 : 20;
    1342 : 24;
    1343 : 48;
    1344 : 48;
    1345 : 44;
    1346 : 44;
    1347 : 44;
    1348 : 24;
    1349 : 01;
    134A : 24;
    134B : 44;
    134C : 01;
    134D : 20;
    134E : 01;
    134F : 49;
    1350 : 01;
    1351 : 01;
    1352 : 20;
    1353 : 20;
    1354 : 24;
    1355 : 01;
    1356 : 20;
    1357 : 24;
    1358 : 24;
    1359 : 01;
    135A : 01;
    135B : 01;
    135C : 20;
    135D : 01;
    135E : 49;
    135F : 49;
    1360 : 01;
    1361 : 01;
    1362 : 01;
    1363 : 20;
    1364 : 44;
    1365 : 24;
    1366 : 69;
    1367 : 24;
    1368 : 69;
    1369 : 6D;
    136A : 49;
    136B : 24;
    136C : 01;
    136D : 01;
    136E : 49;
    136F : 49;
    1370 : 6E;
    1371 : 01;
    1372 : 01;
    1373 : 44;
    1374 : D6;
    1375 : 49;
    1376 : D6;
    1377 : FF;
    1378 : D6;
    1379 : 8D;
    137A : 69;
    137B : 24;
    137C : 20;
    137D : 6D;
    137E : 92;
    137F : 6E;
    1380 : 72;
    1381 : 6E;
    1382 : 49;
    1383 : 48;
    1384 : 91;
    1385 : 92;
    1386 : B2;
    1387 : FF;
    1388 : FF;
    1389 : B2;
    138A : D6;
    138B : B1;
    138C : 20;
    138D : 92;
    138E : B6;
    138F : 92;
    1390 : 6D;
    1391 : 6E;
    1392 : 92;
    1393 : B6;
    1394 : 48;
    1395 : FF;
    1396 : DA;
    1397 : FF;
    1398 : FB;
    1399 : FB;
    139A : D6;
    139B : 01;
    139C : 24;
    139D : 6D;
    139E : 96;
    139F : B6;
    13A0 : 92;
    13A1 : 92;
    13A2 : B7;
    13A3 : B6;
    13A4 : 20;
    13A5 : 48;
    13A6 : D6;
    13A7 : 91;
    13A8 : B2;
    13A9 : D6;
    13AA : B6;
    13AB : 24;
    13AC : 20;
    13AD : 24;
    13AE : B6;
    13AF : B6;
    13B0 : 96;
    13B1 : 96;
    13B2 : B7;
    13B3 : 96;
    13B4 : 20;
    13B5 : 20;
    13B6 : B6;
    13B7 : 69;
    13B8 : 48;
    13B9 : 8D;
    13BA : 01;
    13BB : 20;
    13BC : 20;
    13BD : 20;
    13BE : B6;
    13BF : DB;
    13C0 : 72;
    13C1 : B7;
    13C2 : B7;
    13C3 : 6D;
    13C4 : 20;
    13C5 : 01;
    13C6 : 24;
    13C7 : B1;
    13C8 : B6;
    13C9 : B2;
    13CA : 01;
    13CB : 20;
    13CC : 20;
    13CD : 01;
    13CE : 92;
    13CF : 96;
    13D0 : 6D;
    13D1 : 72;
    13D2 : B7;
    13D3 : B6;
    13D4 : 01;
    13D5 : 01;
    13D6 : 01;
    13D7 : 01;
    13D8 : D6;
    13D9 : 01;
    13DA : 01;
    13DB : 01;
    13DC : 01;
    13DD : 01;
    13DE : 49;
    13DF : 92;
    13E0 : 49;
    13E1 : 72;
    13E2 : B6;
    13E3 : 92;
    13E4 : 24;
    13E5 : 01;
    13E6 : 92;
    13E7 : 01;
    13E8 : 01;
    13E9 : 01;
    13EA : 01;
    13EB : 01;
    13EC : 01;
    13ED : B6;
    13EE : 01;
    13EF : 96;
    13F0 : 6E;
    13F1 : 92;
    13F2 : 6E;
    13F3 : 49;
    13F4 : 20;
    13F5 : 01;
    13F6 : 01;
    13F7 : 48;
    13F8 : 48;
    13F9 : 6D;
    13FA : 48;
    13FB : 01;
    13FC : 20;
    13FD : 24;
    13FE : 91;
    13FF : FF;
    1400 : 00;
    1401 : 00;
    1402 : 00;
    1403 : 00;
    1404 : 00;
    1405 : 00;
    1406 : 00;
    1407 : 00;
    1408 : 00;
    1409 : 00;
    140A : 00;
    140B : 00;
    140C : 00;
    140D : 00;
    140E : 00;
    140F : 00;
    1410 : 00;
    1411 : 00;
    1412 : FF;
    1413 : FF;
    1414 : FF;
    1415 : FF;
    1416 : FF;
    1417 : FF;
    1418 : FF;
    1419 : FF;
    141A : FF;
    141B : FF;
    141C : FF;
    141D : FF;
    141E : 00;
    141F : 00;
    1420 : 00;
    1421 : 00;
    1422 : FF;
    1423 : FF;
    1424 : FF;
    1425 : FF;
    1426 : FF;
    1427 : FF;
    1428 : FF;
    1429 : FF;
    142A : FF;
    142B : FF;
    142C : FF;
    142D : FF;
    142E : 00;
    142F : 00;
    1430 : 00;
    1431 : 00;
    1432 : FF;
    1433 : FF;
    1434 : FF;
    1435 : FF;
    1436 : FF;
    1437 : FF;
    1438 : FF;
    1439 : FF;
    143A : FF;
    143B : FF;
    143C : FF;
    143D : FF;
    143E : 00;
    143F : 00;
    1440 : 00;
    1441 : 00;
    1442 : FF;
    1443 : FF;
    1444 : FF;
    1445 : 00;
    1446 : 00;
    1447 : 00;
    1448 : 00;
    1449 : 00;
    144A : 00;
    144B : 00;
    144C : 00;
    144D : 00;
    144E : 00;
    144F : 00;
    1450 : 00;
    1451 : 00;
    1452 : FF;
    1453 : FF;
    1454 : FF;
    1455 : 00;
    1456 : 00;
    1457 : 00;
    1458 : 00;
    1459 : 00;
    145A : 00;
    145B : 00;
    145C : 00;
    145D : 00;
    145E : 00;
    145F : 00;
    1460 : 00;
    1461 : 00;
    1462 : FF;
    1463 : FF;
    1464 : FF;
    1465 : 00;
    1466 : 00;
    1467 : 00;
    1468 : 00;
    1469 : 00;
    146A : 00;
    146B : 00;
    146C : 00;
    146D : 00;
    146E : 00;
    146F : 00;
    1470 : 00;
    1471 : 00;
    1472 : FF;
    1473 : FF;
    1474 : FF;
    1475 : 00;
    1476 : 00;
    1477 : 00;
    1478 : 00;
    1479 : 00;
    147A : 00;
    147B : 00;
    147C : 00;
    147D : 00;
    147E : 00;
    147F : 00;
    1480 : 00;
    1481 : 00;
    1482 : FF;
    1483 : FF;
    1484 : FF;
    1485 : 00;
    1486 : 00;
    1487 : 00;
    1488 : 00;
    1489 : FF;
    148A : FF;
    148B : FF;
    148C : FF;
    148D : FF;
    148E : 00;
    148F : 00;
    1490 : 00;
    1491 : 00;
    1492 : FF;
    1493 : FF;
    1494 : FF;
    1495 : 00;
    1496 : 00;
    1497 : 00;
    1498 : 00;
    1499 : FF;
    149A : FF;
    149B : FF;
    149C : FF;
    149D : FF;
    149E : 00;
    149F : 00;
    14A0 : 00;
    14A1 : 00;
    14A2 : FF;
    14A3 : FF;
    14A4 : FF;
    14A5 : 00;
    14A6 : 00;
    14A7 : 00;
    14A8 : 00;
    14A9 : FF;
    14AA : FF;
    14AB : FF;
    14AC : FF;
    14AD : FF;
    14AE : 00;
    14AF : 00;
    14B0 : 00;
    14B1 : 00;
    14B2 : FF;
    14B3 : FF;
    14B4 : FF;
    14B5 : 00;
    14B6 : 00;
    14B7 : 00;
    14B8 : 00;
    14B9 : 00;
    14BA : 00;
    14BB : FF;
    14BC : FF;
    14BD : FF;
    14BE : 00;
    14BF : 00;
    14C0 : 00;
    14C1 : 00;
    14C2 : FF;
    14C3 : FF;
    14C4 : FF;
    14C5 : FF;
    14C6 : FF;
    14C7 : FF;
    14C8 : FF;
    14C9 : FF;
    14CA : FF;
    14CB : FF;
    14CC : FF;
    14CD : FF;
    14CE : 00;
    14CF : 00;
    14D0 : 00;
    14D1 : 00;
    14D2 : FF;
    14D3 : FF;
    14D4 : FF;
    14D5 : FF;
    14D6 : FF;
    14D7 : FF;
    14D8 : FF;
    14D9 : FF;
    14DA : FF;
    14DB : FF;
    14DC : FF;
    14DD : FF;
    14DE : 00;
    14DF : 00;
    14E0 : 00;
    14E1 : 00;
    14E2 : FF;
    14E3 : FF;
    14E4 : FF;
    14E5 : FF;
    14E6 : FF;
    14E7 : FF;
    14E8 : FF;
    14E9 : FF;
    14EA : FF;
    14EB : FF;
    14EC : FF;
    14ED : FF;
    14EE : 00;
    14EF : 00;
    14F0 : 00;
    14F1 : 00;
    14F2 : 00;
    14F3 : 00;
    14F4 : 00;
    14F5 : 00;
    14F6 : 00;
    14F7 : 00;
    14F8 : 00;
    14F9 : 00;
    14FA : 00;
    14FB : 00;
    14FC : 00;
    14FD : 00;
    14FE : 00;
    14FF : 00;
    1500 : 00;
    1501 : 00;
    1502 : 00;
    1503 : 00;
    1504 : 00;
    1505 : 00;
    1506 : 00;
    1507 : 00;
    1508 : 00;
    1509 : 00;
    150A : 00;
    150B : 00;
    150C : 00;
    150D : 00;
    150E : 00;
    150F : 00;
    1510 : 00;
    1511 : 00;
    1512 : FF;
    1513 : FF;
    1514 : FF;
    1515 : FF;
    1516 : FF;
    1517 : FF;
    1518 : FF;
    1519 : FF;
    151A : FF;
    151B : FF;
    151C : FF;
    151D : FF;
    151E : 00;
    151F : 00;
    1520 : 00;
    1521 : 00;
    1522 : FF;
    1523 : FF;
    1524 : FF;
    1525 : FF;
    1526 : FF;
    1527 : FF;
    1528 : FF;
    1529 : FF;
    152A : FF;
    152B : FF;
    152C : FF;
    152D : FF;
    152E : 00;
    152F : 00;
    1530 : 00;
    1531 : 00;
    1532 : FF;
    1533 : FF;
    1534 : FF;
    1535 : FF;
    1536 : FF;
    1537 : FF;
    1538 : FF;
    1539 : FF;
    153A : FF;
    153B : FF;
    153C : FF;
    153D : FF;
    153E : 00;
    153F : 00;
    1540 : 00;
    1541 : 00;
    1542 : FF;
    1543 : FF;
    1544 : FF;
    1545 : FF;
    1546 : FF;
    1547 : FF;
    1548 : FF;
    1549 : FF;
    154A : FF;
    154B : FF;
    154C : FF;
    154D : FF;
    154E : 00;
    154F : 00;
    1550 : 00;
    1551 : 00;
    1552 : FF;
    1553 : FF;
    1554 : FF;
    1555 : FF;
    1556 : 00;
    1557 : 00;
    1558 : 00;
    1559 : 00;
    155A : FF;
    155B : FF;
    155C : FF;
    155D : FF;
    155E : 00;
    155F : 00;
    1560 : 00;
    1561 : 00;
    1562 : FF;
    1563 : FF;
    1564 : FF;
    1565 : FF;
    1566 : 00;
    1567 : 00;
    1568 : 00;
    1569 : 00;
    156A : FF;
    156B : FF;
    156C : FF;
    156D : FF;
    156E : 00;
    156F : 00;
    1570 : 00;
    1571 : 00;
    1572 : FF;
    1573 : FF;
    1574 : FF;
    1575 : FF;
    1576 : 00;
    1577 : 00;
    1578 : 00;
    1579 : 00;
    157A : FF;
    157B : FF;
    157C : FF;
    157D : FF;
    157E : 00;
    157F : 00;
    1580 : 00;
    1581 : 00;
    1582 : FF;
    1583 : FF;
    1584 : FF;
    1585 : FF;
    1586 : FF;
    1587 : FF;
    1588 : FF;
    1589 : FF;
    158A : FF;
    158B : FF;
    158C : FF;
    158D : FF;
    158E : 00;
    158F : 00;
    1590 : 00;
    1591 : 00;
    1592 : FF;
    1593 : FF;
    1594 : FF;
    1595 : FF;
    1596 : FF;
    1597 : FF;
    1598 : FF;
    1599 : FF;
    159A : FF;
    159B : FF;
    159C : FF;
    159D : FF;
    159E : 00;
    159F : 00;
    15A0 : 00;
    15A1 : 00;
    15A2 : FF;
    15A3 : FF;
    15A4 : FF;
    15A5 : FF;
    15A6 : 00;
    15A7 : 00;
    15A8 : 00;
    15A9 : 00;
    15AA : FF;
    15AB : FF;
    15AC : FF;
    15AD : FF;
    15AE : 00;
    15AF : 00;
    15B0 : 00;
    15B1 : 00;
    15B2 : FF;
    15B3 : FF;
    15B4 : FF;
    15B5 : FF;
    15B6 : 00;
    15B7 : 00;
    15B8 : 00;
    15B9 : 00;
    15BA : FF;
    15BB : FF;
    15BC : FF;
    15BD : FF;
    15BE : 00;
    15BF : 00;
    15C0 : 00;
    15C1 : 00;
    15C2 : FF;
    15C3 : FF;
    15C4 : FF;
    15C5 : FF;
    15C6 : 00;
    15C7 : 00;
    15C8 : 00;
    15C9 : 00;
    15CA : FF;
    15CB : FF;
    15CC : FF;
    15CD : FF;
    15CE : 00;
    15CF : 00;
    15D0 : 00;
    15D1 : 00;
    15D2 : FF;
    15D3 : FF;
    15D4 : FF;
    15D5 : FF;
    15D6 : 00;
    15D7 : 00;
    15D8 : 00;
    15D9 : 00;
    15DA : FF;
    15DB : FF;
    15DC : FF;
    15DD : FF;
    15DE : 00;
    15DF : 00;
    15E0 : 00;
    15E1 : 00;
    15E2 : FF;
    15E3 : FF;
    15E4 : FF;
    15E5 : FF;
    15E6 : 00;
    15E7 : 00;
    15E8 : 00;
    15E9 : 00;
    15EA : FF;
    15EB : FF;
    15EC : FF;
    15ED : FF;
    15EE : 00;
    15EF : 00;
    15F0 : 00;
    15F1 : 00;
    15F2 : 00;
    15F3 : 00;
    15F4 : 00;
    15F5 : 00;
    15F6 : 00;
    15F7 : 00;
    15F8 : 00;
    15F9 : 00;
    15FA : 00;
    15FB : 00;
    15FC : 00;
    15FD : 00;
    15FE : 00;
    15FF : 00;
    1600 : 00;
    1601 : 00;
    1602 : 00;
    1603 : 00;
    1604 : 00;
    1605 : 00;
    1606 : 00;
    1607 : 00;
    1608 : 00;
    1609 : 00;
    160A : 00;
    160B : 00;
    160C : 00;
    160D : 00;
    160E : 00;
    160F : 00;
    1610 : 00;
    1611 : 00;
    1612 : FF;
    1613 : FF;
    1614 : FF;
    1615 : FF;
    1616 : FF;
    1617 : FF;
    1618 : FF;
    1619 : FF;
    161A : FF;
    161B : FF;
    161C : FF;
    161D : FF;
    161E : 00;
    161F : 00;
    1620 : 00;
    1621 : 00;
    1622 : FF;
    1623 : FF;
    1624 : FF;
    1625 : FF;
    1626 : FF;
    1627 : FF;
    1628 : FF;
    1629 : FF;
    162A : FF;
    162B : FF;
    162C : FF;
    162D : FF;
    162E : 00;
    162F : 00;
    1630 : 00;
    1631 : 00;
    1632 : FF;
    1633 : FF;
    1634 : FF;
    1635 : FF;
    1636 : FF;
    1637 : FF;
    1638 : FF;
    1639 : FF;
    163A : FF;
    163B : FF;
    163C : FF;
    163D : FF;
    163E : 00;
    163F : 00;
    1640 : 00;
    1641 : 00;
    1642 : 00;
    1643 : 00;
    1644 : 00;
    1645 : 00;
    1646 : FF;
    1647 : FF;
    1648 : FF;
    1649 : FF;
    164A : 00;
    164B : 00;
    164C : 00;
    164D : 00;
    164E : 00;
    164F : 00;
    1650 : 00;
    1651 : 00;
    1652 : 00;
    1653 : 00;
    1654 : 00;
    1655 : 00;
    1656 : FF;
    1657 : FF;
    1658 : FF;
    1659 : FF;
    165A : 00;
    165B : 00;
    165C : 00;
    165D : 00;
    165E : 00;
    165F : 00;
    1660 : 00;
    1661 : 00;
    1662 : 00;
    1663 : 00;
    1664 : 00;
    1665 : 00;
    1666 : FF;
    1667 : FF;
    1668 : FF;
    1669 : FF;
    166A : 00;
    166B : 00;
    166C : 00;
    166D : 00;
    166E : 00;
    166F : 00;
    1670 : 00;
    1671 : 00;
    1672 : 00;
    1673 : 00;
    1674 : 00;
    1675 : 00;
    1676 : FF;
    1677 : FF;
    1678 : FF;
    1679 : FF;
    167A : 00;
    167B : 00;
    167C : 00;
    167D : 00;
    167E : 00;
    167F : 00;
    1680 : 00;
    1681 : 00;
    1682 : 00;
    1683 : 00;
    1684 : 00;
    1685 : 00;
    1686 : FF;
    1687 : FF;
    1688 : FF;
    1689 : FF;
    168A : 00;
    168B : 00;
    168C : 00;
    168D : 00;
    168E : 00;
    168F : 00;
    1690 : 00;
    1691 : 00;
    1692 : 00;
    1693 : 00;
    1694 : 00;
    1695 : 00;
    1696 : FF;
    1697 : FF;
    1698 : FF;
    1699 : FF;
    169A : 00;
    169B : 00;
    169C : 00;
    169D : 00;
    169E : 00;
    169F : 00;
    16A0 : 00;
    16A1 : 00;
    16A2 : 00;
    16A3 : 00;
    16A4 : 00;
    16A5 : 00;
    16A6 : FF;
    16A7 : FF;
    16A8 : FF;
    16A9 : FF;
    16AA : 00;
    16AB : 00;
    16AC : 00;
    16AD : 00;
    16AE : 00;
    16AF : 00;
    16B0 : 00;
    16B1 : 00;
    16B2 : 00;
    16B3 : 00;
    16B4 : 00;
    16B5 : 00;
    16B6 : FF;
    16B7 : FF;
    16B8 : FF;
    16B9 : FF;
    16BA : 00;
    16BB : 00;
    16BC : 00;
    16BD : 00;
    16BE : 00;
    16BF : 00;
    16C0 : 00;
    16C1 : 00;
    16C2 : 00;
    16C3 : 00;
    16C4 : 00;
    16C5 : 00;
    16C6 : FF;
    16C7 : FF;
    16C8 : FF;
    16C9 : FF;
    16CA : 00;
    16CB : 00;
    16CC : 00;
    16CD : 00;
    16CE : 00;
    16CF : 00;
    16D0 : 00;
    16D1 : 00;
    16D2 : 00;
    16D3 : 00;
    16D4 : 00;
    16D5 : 00;
    16D6 : FF;
    16D7 : FF;
    16D8 : FF;
    16D9 : FF;
    16DA : 00;
    16DB : 00;
    16DC : 00;
    16DD : 00;
    16DE : 00;
    16DF : 00;
    16E0 : 00;
    16E1 : 00;
    16E2 : 00;
    16E3 : 00;
    16E4 : 00;
    16E5 : 00;
    16E6 : FF;
    16E7 : FF;
    16E8 : FF;
    16E9 : FF;
    16EA : 00;
    16EB : 00;
    16EC : 00;
    16ED : 00;
    16EE : 00;
    16EF : 00;
    16F0 : 00;
    16F1 : 00;
    16F2 : 00;
    16F3 : 00;
    16F4 : 00;
    16F5 : 00;
    16F6 : 00;
    16F7 : 00;
    16F8 : 00;
    16F9 : 00;
    16FA : 00;
    16FB : 00;
    16FC : 00;
    16FD : 00;
    16FE : 00;
    16FF : 00;
    1700 : 00;
    1701 : 00;
    1702 : 00;
    1703 : 00;
    1704 : 00;
    1705 : 00;
    1706 : 00;
    1707 : 00;
    1708 : 00;
    1709 : 00;
    170A : 00;
    170B : 00;
    170C : 00;
    170D : 00;
    170E : 00;
    170F : 00;
    1710 : 00;
    1711 : 00;
    1712 : 00;
    1713 : 00;
    1714 : 00;
    1715 : 00;
    1716 : FF;
    1717 : FF;
    1718 : FF;
    1719 : FF;
    171A : 00;
    171B : 00;
    171C : 00;
    171D : 00;
    171E : 00;
    171F : 00;
    1720 : 00;
    1721 : 00;
    1722 : 00;
    1723 : 00;
    1724 : 00;
    1725 : 00;
    1726 : FF;
    1727 : FF;
    1728 : FF;
    1729 : FF;
    172A : 00;
    172B : 00;
    172C : 00;
    172D : 00;
    172E : 00;
    172F : 00;
    1730 : 00;
    1731 : 00;
    1732 : 00;
    1733 : 00;
    1734 : 00;
    1735 : 00;
    1736 : FF;
    1737 : FF;
    1738 : FF;
    1739 : FF;
    173A : 00;
    173B : 00;
    173C : 00;
    173D : 00;
    173E : 00;
    173F : 00;
    1740 : 00;
    1741 : 00;
    1742 : 00;
    1743 : 00;
    1744 : 00;
    1745 : 00;
    1746 : 00;
    1747 : 00;
    1748 : 00;
    1749 : 00;
    174A : 00;
    174B : 00;
    174C : 00;
    174D : 00;
    174E : 00;
    174F : 00;
    1750 : 00;
    1751 : 00;
    1752 : 00;
    1753 : 00;
    1754 : 00;
    1755 : 00;
    1756 : FF;
    1757 : FF;
    1758 : FF;
    1759 : FF;
    175A : 00;
    175B : 00;
    175C : 00;
    175D : 00;
    175E : 00;
    175F : 00;
    1760 : 00;
    1761 : 00;
    1762 : 00;
    1763 : 00;
    1764 : 00;
    1765 : 00;
    1766 : FF;
    1767 : FF;
    1768 : FF;
    1769 : FF;
    176A : 00;
    176B : 00;
    176C : 00;
    176D : 00;
    176E : 00;
    176F : 00;
    1770 : 00;
    1771 : 00;
    1772 : 00;
    1773 : 00;
    1774 : 00;
    1775 : 00;
    1776 : FF;
    1777 : FF;
    1778 : FF;
    1779 : FF;
    177A : 00;
    177B : 00;
    177C : 00;
    177D : 00;
    177E : 00;
    177F : 00;
    1780 : 00;
    1781 : 00;
    1782 : 00;
    1783 : 00;
    1784 : 00;
    1785 : 00;
    1786 : FF;
    1787 : FF;
    1788 : FF;
    1789 : FF;
    178A : 00;
    178B : 00;
    178C : 00;
    178D : 00;
    178E : 00;
    178F : 00;
    1790 : 00;
    1791 : 00;
    1792 : 00;
    1793 : 00;
    1794 : 00;
    1795 : 00;
    1796 : FF;
    1797 : FF;
    1798 : FF;
    1799 : FF;
    179A : 00;
    179B : 00;
    179C : 00;
    179D : 00;
    179E : 00;
    179F : 00;
    17A0 : 00;
    17A1 : 00;
    17A2 : 00;
    17A3 : 00;
    17A4 : 00;
    17A5 : 00;
    17A6 : FF;
    17A7 : FF;
    17A8 : FF;
    17A9 : FF;
    17AA : 00;
    17AB : 00;
    17AC : 00;
    17AD : 00;
    17AE : 00;
    17AF : 00;
    17B0 : 00;
    17B1 : 00;
    17B2 : 00;
    17B3 : 00;
    17B4 : 00;
    17B5 : 00;
    17B6 : FF;
    17B7 : FF;
    17B8 : FF;
    17B9 : FF;
    17BA : 00;
    17BB : 00;
    17BC : 00;
    17BD : 00;
    17BE : 00;
    17BF : 00;
    17C0 : 00;
    17C1 : 00;
    17C2 : 00;
    17C3 : 00;
    17C4 : 00;
    17C5 : 00;
    17C6 : FF;
    17C7 : FF;
    17C8 : FF;
    17C9 : FF;
    17CA : 00;
    17CB : 00;
    17CC : 00;
    17CD : 00;
    17CE : 00;
    17CF : 00;
    17D0 : 00;
    17D1 : 00;
    17D2 : 00;
    17D3 : 00;
    17D4 : 00;
    17D5 : 00;
    17D6 : FF;
    17D7 : FF;
    17D8 : FF;
    17D9 : FF;
    17DA : 00;
    17DB : 00;
    17DC : 00;
    17DD : 00;
    17DE : 00;
    17DF : 00;
    17E0 : 00;
    17E1 : 00;
    17E2 : 00;
    17E3 : 00;
    17E4 : 00;
    17E5 : 00;
    17E6 : FF;
    17E7 : FF;
    17E8 : FF;
    17E9 : FF;
    17EA : 00;
    17EB : 00;
    17EC : 00;
    17ED : 00;
    17EE : 00;
    17EF : 00;
    17F0 : 00;
    17F1 : 00;
    17F2 : 00;
    17F3 : 00;
    17F4 : 00;
    17F5 : 00;
    17F6 : 00;
    17F7 : 00;
    17F8 : 00;
    17F9 : 00;
    17FA : 00;
    17FB : 00;
    17FC : 00;
    17FD : 00;
    17FE : 00;
    17FF : 00;
    1800 : 00;
    1801 : 00;
    1802 : 00;
    1803 : 00;
    1804 : 00;
    1805 : 00;
    1806 : 00;
    1807 : 00;
    1808 : 00;
    1809 : 00;
    180A : 00;
    180B : 00;
    180C : 00;
    180D : 00;
    180E : 00;
    180F : 00;
    1810 : 00;
    1811 : 00;
    1812 : FF;
    1813 : FF;
    1814 : FF;
    1815 : 00;
    1816 : 00;
    1817 : 00;
    1818 : 00;
    1819 : 00;
    181A : 00;
    181B : FF;
    181C : FF;
    181D : FF;
    181E : 00;
    181F : 00;
    1820 : 00;
    1821 : 00;
    1822 : FF;
    1823 : FF;
    1824 : FF;
    1825 : FF;
    1826 : 00;
    1827 : 00;
    1828 : 00;
    1829 : 00;
    182A : 00;
    182B : FF;
    182C : FF;
    182D : FF;
    182E : 00;
    182F : 00;
    1830 : 00;
    1831 : 00;
    1832 : FF;
    1833 : FF;
    1834 : FF;
    1835 : FF;
    1836 : FF;
    1837 : 00;
    1838 : 00;
    1839 : 00;
    183A : 00;
    183B : FF;
    183C : FF;
    183D : FF;
    183E : 00;
    183F : 00;
    1840 : 00;
    1841 : 00;
    1842 : FF;
    1843 : FF;
    1844 : FF;
    1845 : FF;
    1846 : FF;
    1847 : FF;
    1848 : 00;
    1849 : 00;
    184A : 00;
    184B : FF;
    184C : FF;
    184D : FF;
    184E : 00;
    184F : 00;
    1850 : 00;
    1851 : 00;
    1852 : FF;
    1853 : FF;
    1854 : FF;
    1855 : 00;
    1856 : FF;
    1857 : FF;
    1858 : FF;
    1859 : 00;
    185A : 00;
    185B : FF;
    185C : FF;
    185D : FF;
    185E : 00;
    185F : 00;
    1860 : 00;
    1861 : 00;
    1862 : FF;
    1863 : FF;
    1864 : FF;
    1865 : 00;
    1866 : 00;
    1867 : FF;
    1868 : FF;
    1869 : FF;
    186A : 00;
    186B : FF;
    186C : FF;
    186D : FF;
    186E : 00;
    186F : 00;
    1870 : 00;
    1871 : 00;
    1872 : FF;
    1873 : FF;
    1874 : FF;
    1875 : 00;
    1876 : 00;
    1877 : 00;
    1878 : FF;
    1879 : FF;
    187A : FF;
    187B : FF;
    187C : FF;
    187D : FF;
    187E : 00;
    187F : 00;
    1880 : 00;
    1881 : 00;
    1882 : FF;
    1883 : FF;
    1884 : FF;
    1885 : 00;
    1886 : 00;
    1887 : 00;
    1888 : 00;
    1889 : FF;
    188A : FF;
    188B : FF;
    188C : FF;
    188D : FF;
    188E : 00;
    188F : 00;
    1890 : 00;
    1891 : 00;
    1892 : FF;
    1893 : FF;
    1894 : FF;
    1895 : 00;
    1896 : 00;
    1897 : 00;
    1898 : 00;
    1899 : 00;
    189A : FF;
    189B : FF;
    189C : FF;
    189D : FF;
    189E : 00;
    189F : 00;
    18A0 : 00;
    18A1 : 00;
    18A2 : FF;
    18A3 : FF;
    18A4 : FF;
    18A5 : 00;
    18A6 : 00;
    18A7 : 00;
    18A8 : 00;
    18A9 : 00;
    18AA : FF;
    18AB : FF;
    18AC : FF;
    18AD : FF;
    18AE : 00;
    18AF : 00;
    18B0 : 00;
    18B1 : 00;
    18B2 : FF;
    18B3 : FF;
    18B4 : FF;
    18B5 : 00;
    18B6 : 00;
    18B7 : 00;
    18B8 : 00;
    18B9 : 00;
    18BA : 00;
    18BB : FF;
    18BC : FF;
    18BD : FF;
    18BE : 00;
    18BF : 00;
    18C0 : 00;
    18C1 : 00;
    18C2 : FF;
    18C3 : FF;
    18C4 : FF;
    18C5 : 00;
    18C6 : 00;
    18C7 : 00;
    18C8 : 00;
    18C9 : 00;
    18CA : 00;
    18CB : FF;
    18CC : FF;
    18CD : FF;
    18CE : 00;
    18CF : 00;
    18D0 : 00;
    18D1 : 00;
    18D2 : FF;
    18D3 : FF;
    18D4 : FF;
    18D5 : 00;
    18D6 : 00;
    18D7 : 00;
    18D8 : 00;
    18D9 : 00;
    18DA : 00;
    18DB : FF;
    18DC : FF;
    18DD : FF;
    18DE : 00;
    18DF : 00;
    18E0 : 00;
    18E1 : 00;
    18E2 : FF;
    18E3 : FF;
    18E4 : FF;
    18E5 : 00;
    18E6 : 00;
    18E7 : 00;
    18E8 : 00;
    18E9 : 00;
    18EA : 00;
    18EB : FF;
    18EC : FF;
    18ED : FF;
    18EE : 00;
    18EF : 00;
    18F0 : 00;
    18F1 : 00;
    18F2 : 00;
    18F3 : 00;
    18F4 : 00;
    18F5 : 00;
    18F6 : 00;
    18F7 : 00;
    18F8 : 00;
    18F9 : 00;
    18FA : 00;
    18FB : 00;
    18FC : 00;
    18FD : 00;
    18FE : 00;
    18FF : 00;
    1900 : 00;
    1901 : 00;
    1902 : 00;
    1903 : 00;
    1904 : 00;
    1905 : 00;
    1906 : 00;
    1907 : 00;
    1908 : 00;
    1909 : 00;
    190A : 00;
    190B : 00;
    190C : 00;
    190D : 00;
    190E : 00;
    190F : 00;
    1910 : 00;
    1911 : 00;
    1912 : FF;
    1913 : FF;
    1914 : FF;
    1915 : 00;
    1916 : 00;
    1917 : 00;
    1918 : 00;
    1919 : 00;
    191A : 00;
    191B : FF;
    191C : FF;
    191D : FF;
    191E : 00;
    191F : 00;
    1920 : 00;
    1921 : 00;
    1922 : FF;
    1923 : FF;
    1924 : FF;
    1925 : 00;
    1926 : 00;
    1927 : 00;
    1928 : 00;
    1929 : 00;
    192A : 00;
    192B : FF;
    192C : FF;
    192D : FF;
    192E : 00;
    192F : 00;
    1930 : 00;
    1931 : 00;
    1932 : FF;
    1933 : FF;
    1934 : FF;
    1935 : 00;
    1936 : 00;
    1937 : 00;
    1938 : 00;
    1939 : 00;
    193A : 00;
    193B : FF;
    193C : FF;
    193D : FF;
    193E : 00;
    193F : 00;
    1940 : 00;
    1941 : 00;
    1942 : FF;
    1943 : FF;
    1944 : FF;
    1945 : 00;
    1946 : 00;
    1947 : 00;
    1948 : 00;
    1949 : 00;
    194A : 00;
    194B : FF;
    194C : FF;
    194D : FF;
    194E : 00;
    194F : 00;
    1950 : 00;
    1951 : 00;
    1952 : FF;
    1953 : FF;
    1954 : FF;
    1955 : 00;
    1956 : 00;
    1957 : 00;
    1958 : 00;
    1959 : 00;
    195A : 00;
    195B : FF;
    195C : FF;
    195D : FF;
    195E : 00;
    195F : 00;
    1960 : 00;
    1961 : 00;
    1962 : FF;
    1963 : FF;
    1964 : FF;
    1965 : FF;
    1966 : FF;
    1967 : FF;
    1968 : FF;
    1969 : FF;
    196A : FF;
    196B : FF;
    196C : FF;
    196D : FF;
    196E : 00;
    196F : 00;
    1970 : 00;
    1971 : 00;
    1972 : FF;
    1973 : FF;
    1974 : FF;
    1975 : FF;
    1976 : FF;
    1977 : FF;
    1978 : FF;
    1979 : FF;
    197A : FF;
    197B : FF;
    197C : FF;
    197D : FF;
    197E : 00;
    197F : 00;
    1980 : 00;
    1981 : 00;
    1982 : FF;
    1983 : FF;
    1984 : FF;
    1985 : FF;
    1986 : FF;
    1987 : FF;
    1988 : FF;
    1989 : FF;
    198A : FF;
    198B : FF;
    198C : FF;
    198D : FF;
    198E : 00;
    198F : 00;
    1990 : 00;
    1991 : 00;
    1992 : FF;
    1993 : FF;
    1994 : FF;
    1995 : 00;
    1996 : 00;
    1997 : 00;
    1998 : 00;
    1999 : 00;
    199A : 00;
    199B : FF;
    199C : FF;
    199D : FF;
    199E : 00;
    199F : 00;
    19A0 : 00;
    19A1 : 00;
    19A2 : FF;
    19A3 : FF;
    19A4 : FF;
    19A5 : 00;
    19A6 : 00;
    19A7 : 00;
    19A8 : 00;
    19A9 : 00;
    19AA : 00;
    19AB : FF;
    19AC : FF;
    19AD : FF;
    19AE : 00;
    19AF : 00;
    19B0 : 00;
    19B1 : 00;
    19B2 : FF;
    19B3 : FF;
    19B4 : FF;
    19B5 : 00;
    19B6 : 00;
    19B7 : 00;
    19B8 : 00;
    19B9 : 00;
    19BA : 00;
    19BB : FF;
    19BC : FF;
    19BD : FF;
    19BE : 00;
    19BF : 00;
    19C0 : 00;
    19C1 : 00;
    19C2 : FF;
    19C3 : FF;
    19C4 : FF;
    19C5 : 00;
    19C6 : 00;
    19C7 : 00;
    19C8 : 00;
    19C9 : 00;
    19CA : 00;
    19CB : FF;
    19CC : FF;
    19CD : FF;
    19CE : 00;
    19CF : 00;
    19D0 : 00;
    19D1 : 00;
    19D2 : FF;
    19D3 : FF;
    19D4 : FF;
    19D5 : 00;
    19D6 : 00;
    19D7 : 00;
    19D8 : 00;
    19D9 : 00;
    19DA : 00;
    19DB : FF;
    19DC : FF;
    19DD : FF;
    19DE : 00;
    19DF : 00;
    19E0 : 00;
    19E1 : 00;
    19E2 : FF;
    19E3 : FF;
    19E4 : FF;
    19E5 : 00;
    19E6 : 00;
    19E7 : 00;
    19E8 : 00;
    19E9 : 00;
    19EA : 00;
    19EB : FF;
    19EC : FF;
    19ED : FF;
    19EE : 00;
    19EF : 00;
    19F0 : 00;
    19F1 : 00;
    19F2 : 00;
    19F3 : 00;
    19F4 : 00;
    19F5 : 00;
    19F6 : 00;
    19F7 : 00;
    19F8 : 00;
    19F9 : 00;
    19FA : 00;
    19FB : 00;
    19FC : 00;
    19FD : 00;
    19FE : 00;
    19FF : 00;
    1A00 : 00;
    1A01 : 00;
    1A02 : 00;
    1A03 : 00;
    1A04 : 00;
    1A05 : 00;
    1A06 : 00;
    1A07 : 00;
    1A08 : 00;
    1A09 : 00;
    1A0A : 00;
    1A0B : 00;
    1A0C : 00;
    1A0D : 00;
    1A0E : 00;
    1A0F : 00;
    1A10 : 00;
    1A11 : 00;
    1A12 : FF;
    1A13 : FF;
    1A14 : FF;
    1A15 : FF;
    1A16 : FF;
    1A17 : FF;
    1A18 : FF;
    1A19 : FF;
    1A1A : FF;
    1A1B : FF;
    1A1C : FF;
    1A1D : FF;
    1A1E : 00;
    1A1F : 00;
    1A20 : 00;
    1A21 : 00;
    1A22 : FF;
    1A23 : FF;
    1A24 : FF;
    1A25 : FF;
    1A26 : FF;
    1A27 : FF;
    1A28 : FF;
    1A29 : FF;
    1A2A : FF;
    1A2B : FF;
    1A2C : FF;
    1A2D : FF;
    1A2E : 00;
    1A2F : 00;
    1A30 : 00;
    1A31 : 00;
    1A32 : FF;
    1A33 : FF;
    1A34 : FF;
    1A35 : FF;
    1A36 : FF;
    1A37 : FF;
    1A38 : FF;
    1A39 : FF;
    1A3A : FF;
    1A3B : FF;
    1A3C : FF;
    1A3D : FF;
    1A3E : 00;
    1A3F : 00;
    1A40 : 00;
    1A41 : 00;
    1A42 : FF;
    1A43 : FF;
    1A44 : FF;
    1A45 : 00;
    1A46 : 00;
    1A47 : 00;
    1A48 : 00;
    1A49 : 00;
    1A4A : 00;
    1A4B : FF;
    1A4C : FF;
    1A4D : FF;
    1A4E : 00;
    1A4F : 00;
    1A50 : 00;
    1A51 : 00;
    1A52 : FF;
    1A53 : FF;
    1A54 : FF;
    1A55 : 00;
    1A56 : 00;
    1A57 : 00;
    1A58 : 00;
    1A59 : 00;
    1A5A : 00;
    1A5B : FF;
    1A5C : FF;
    1A5D : FF;
    1A5E : 00;
    1A5F : 00;
    1A60 : 00;
    1A61 : 00;
    1A62 : FF;
    1A63 : FF;
    1A64 : FF;
    1A65 : 00;
    1A66 : 00;
    1A67 : 00;
    1A68 : 00;
    1A69 : 00;
    1A6A : 00;
    1A6B : FF;
    1A6C : FF;
    1A6D : FF;
    1A6E : 00;
    1A6F : 00;
    1A70 : 00;
    1A71 : 00;
    1A72 : FF;
    1A73 : FF;
    1A74 : FF;
    1A75 : 00;
    1A76 : 00;
    1A77 : 00;
    1A78 : 00;
    1A79 : 00;
    1A7A : 00;
    1A7B : FF;
    1A7C : FF;
    1A7D : FF;
    1A7E : 00;
    1A7F : 00;
    1A80 : 00;
    1A81 : 00;
    1A82 : FF;
    1A83 : FF;
    1A84 : FF;
    1A85 : 00;
    1A86 : 00;
    1A87 : 00;
    1A88 : 00;
    1A89 : 00;
    1A8A : 00;
    1A8B : FF;
    1A8C : FF;
    1A8D : FF;
    1A8E : 00;
    1A8F : 00;
    1A90 : 00;
    1A91 : 00;
    1A92 : FF;
    1A93 : FF;
    1A94 : FF;
    1A95 : 00;
    1A96 : 00;
    1A97 : 00;
    1A98 : 00;
    1A99 : 00;
    1A9A : 00;
    1A9B : FF;
    1A9C : FF;
    1A9D : FF;
    1A9E : 00;
    1A9F : 00;
    1AA0 : 00;
    1AA1 : 00;
    1AA2 : FF;
    1AA3 : FF;
    1AA4 : FF;
    1AA5 : 00;
    1AA6 : 00;
    1AA7 : 00;
    1AA8 : 00;
    1AA9 : 00;
    1AAA : 00;
    1AAB : FF;
    1AAC : FF;
    1AAD : FF;
    1AAE : 00;
    1AAF : 00;
    1AB0 : 00;
    1AB1 : 00;
    1AB2 : FF;
    1AB3 : FF;
    1AB4 : FF;
    1AB5 : 00;
    1AB6 : 00;
    1AB7 : 00;
    1AB8 : 00;
    1AB9 : 00;
    1ABA : 00;
    1ABB : FF;
    1ABC : FF;
    1ABD : FF;
    1ABE : 00;
    1ABF : 00;
    1AC0 : 00;
    1AC1 : 00;
    1AC2 : FF;
    1AC3 : FF;
    1AC4 : FF;
    1AC5 : FF;
    1AC6 : FF;
    1AC7 : FF;
    1AC8 : FF;
    1AC9 : FF;
    1ACA : FF;
    1ACB : FF;
    1ACC : FF;
    1ACD : FF;
    1ACE : 00;
    1ACF : 00;
    1AD0 : 00;
    1AD1 : 00;
    1AD2 : FF;
    1AD3 : FF;
    1AD4 : FF;
    1AD5 : FF;
    1AD6 : FF;
    1AD7 : FF;
    1AD8 : FF;
    1AD9 : FF;
    1ADA : FF;
    1ADB : FF;
    1ADC : FF;
    1ADD : FF;
    1ADE : 00;
    1ADF : 00;
    1AE0 : 00;
    1AE1 : 00;
    1AE2 : FF;
    1AE3 : FF;
    1AE4 : FF;
    1AE5 : FF;
    1AE6 : FF;
    1AE7 : FF;
    1AE8 : FF;
    1AE9 : FF;
    1AEA : FF;
    1AEB : FF;
    1AEC : FF;
    1AED : FF;
    1AEE : 00;
    1AEF : 00;
    1AF0 : 00;
    1AF1 : 00;
    1AF2 : 00;
    1AF3 : 00;
    1AF4 : 00;
    1AF5 : 00;
    1AF6 : 00;
    1AF7 : 00;
    1AF8 : 00;
    1AF9 : 00;
    1AFA : 00;
    1AFB : 00;
    1AFC : 00;
    1AFD : 00;
    1AFE : 00;
    1AFF : 00;
    1B00 : 00;
    1B01 : 00;
    1B02 : 00;
    1B03 : 00;
    1B04 : 00;
    1B05 : 00;
    1B06 : 00;
    1B07 : 00;
    1B08 : 00;
    1B09 : 00;
    1B0A : 00;
    1B0B : 00;
    1B0C : 00;
    1B0D : 00;
    1B0E : 00;
    1B0F : 00;
    1B10 : 00;
    1B11 : 00;
    1B12 : 00;
    1B13 : 00;
    1B14 : 00;
    1B15 : FF;
    1B16 : FF;
    1B17 : FF;
    1B18 : FF;
    1B19 : FF;
    1B1A : FF;
    1B1B : FF;
    1B1C : FF;
    1B1D : FF;
    1B1E : 00;
    1B1F : 00;
    1B20 : 00;
    1B21 : 00;
    1B22 : 00;
    1B23 : FF;
    1B24 : FF;
    1B25 : FF;
    1B26 : FF;
    1B27 : FF;
    1B28 : FF;
    1B29 : FF;
    1B2A : FF;
    1B2B : FF;
    1B2C : FF;
    1B2D : FF;
    1B2E : 00;
    1B2F : 00;
    1B30 : 00;
    1B31 : 00;
    1B32 : 00;
    1B33 : FF;
    1B34 : FF;
    1B35 : FF;
    1B36 : FF;
    1B37 : FF;
    1B38 : FF;
    1B39 : FF;
    1B3A : FF;
    1B3B : FF;
    1B3C : FF;
    1B3D : FF;
    1B3E : 00;
    1B3F : 00;
    1B40 : 00;
    1B41 : 00;
    1B42 : FF;
    1B43 : FF;
    1B44 : FF;
    1B45 : FF;
    1B46 : FF;
    1B47 : 00;
    1B48 : 00;
    1B49 : 00;
    1B4A : 00;
    1B4B : 00;
    1B4C : 00;
    1B4D : 00;
    1B4E : 00;
    1B4F : 00;
    1B50 : 00;
    1B51 : 00;
    1B52 : FF;
    1B53 : FF;
    1B54 : FF;
    1B55 : 00;
    1B56 : 00;
    1B57 : 00;
    1B58 : 00;
    1B59 : 00;
    1B5A : 00;
    1B5B : 00;
    1B5C : 00;
    1B5D : 00;
    1B5E : 00;
    1B5F : 00;
    1B60 : 00;
    1B61 : 00;
    1B62 : FF;
    1B63 : FF;
    1B64 : FF;
    1B65 : FF;
    1B66 : FF;
    1B67 : FF;
    1B68 : FF;
    1B69 : FF;
    1B6A : FF;
    1B6B : FF;
    1B6C : FF;
    1B6D : 00;
    1B6E : 00;
    1B6F : 00;
    1B70 : 00;
    1B71 : 00;
    1B72 : 00;
    1B73 : FF;
    1B74 : FF;
    1B75 : FF;
    1B76 : FF;
    1B77 : FF;
    1B78 : FF;
    1B79 : FF;
    1B7A : FF;
    1B7B : FF;
    1B7C : FF;
    1B7D : FF;
    1B7E : 00;
    1B7F : 00;
    1B80 : 00;
    1B81 : 00;
    1B82 : 00;
    1B83 : FF;
    1B84 : FF;
    1B85 : FF;
    1B86 : FF;
    1B87 : FF;
    1B88 : FF;
    1B89 : FF;
    1B8A : FF;
    1B8B : FF;
    1B8C : FF;
    1B8D : FF;
    1B8E : 00;
    1B8F : 00;
    1B90 : 00;
    1B91 : 00;
    1B92 : 00;
    1B93 : 00;
    1B94 : 00;
    1B95 : 00;
    1B96 : 00;
    1B97 : 00;
    1B98 : 00;
    1B99 : FF;
    1B9A : FF;
    1B9B : FF;
    1B9C : FF;
    1B9D : FF;
    1B9E : 00;
    1B9F : 00;
    1BA0 : 00;
    1BA1 : 00;
    1BA2 : 00;
    1BA3 : 00;
    1BA4 : 00;
    1BA5 : 00;
    1BA6 : 00;
    1BA7 : 00;
    1BA8 : 00;
    1BA9 : 00;
    1BAA : FF;
    1BAB : FF;
    1BAC : FF;
    1BAD : FF;
    1BAE : 00;
    1BAF : 00;
    1BB0 : 00;
    1BB1 : 00;
    1BB2 : 00;
    1BB3 : 00;
    1BB4 : 00;
    1BB5 : 00;
    1BB6 : 00;
    1BB7 : 00;
    1BB8 : 00;
    1BB9 : FF;
    1BBA : FF;
    1BBB : FF;
    1BBC : FF;
    1BBD : FF;
    1BBE : 00;
    1BBF : 00;
    1BC0 : 00;
    1BC1 : 00;
    1BC2 : FF;
    1BC3 : FF;
    1BC4 : FF;
    1BC5 : FF;
    1BC6 : FF;
    1BC7 : FF;
    1BC8 : FF;
    1BC9 : FF;
    1BCA : FF;
    1BCB : FF;
    1BCC : FF;
    1BCD : FF;
    1BCE : 00;
    1BCF : 00;
    1BD0 : 00;
    1BD1 : 00;
    1BD2 : FF;
    1BD3 : FF;
    1BD4 : FF;
    1BD5 : FF;
    1BD6 : FF;
    1BD7 : FF;
    1BD8 : FF;
    1BD9 : FF;
    1BDA : FF;
    1BDB : FF;
    1BDC : FF;
    1BDD : FF;
    1BDE : 00;
    1BDF : 00;
    1BE0 : 00;
    1BE1 : 00;
    1BE2 : FF;
    1BE3 : FF;
    1BE4 : FF;
    1BE5 : FF;
    1BE6 : FF;
    1BE7 : FF;
    1BE8 : FF;
    1BE9 : FF;
    1BEA : FF;
    1BEB : FF;
    1BEC : FF;
    1BED : 00;
    1BEE : 00;
    1BEF : 00;
    1BF0 : 00;
    1BF1 : 00;
    1BF2 : 00;
    1BF3 : 00;
    1BF4 : 00;
    1BF5 : 00;
    1BF6 : 00;
    1BF7 : 00;
    1BF8 : 00;
    1BF9 : 00;
    1BFA : 00;
    1BFB : 00;
    1BFC : 00;
    1BFD : 00;
    1BFE : 00;
    1BFF : 00;
    1C00 : 00;
    1C01 : 00;
    1C02 : 00;
    1C03 : 00;
    1C04 : 00;
    1C05 : 00;
    1C06 : 00;
    1C07 : 00;
    1C08 : 00;
    1C09 : 00;
    1C0A : 00;
    1C0B : 00;
    1C0C : 00;
    1C0D : 00;
    1C0E : 00;
    1C0F : 00;
    1C10 : 00;
    1C11 : 00;
    1C12 : FF;
    1C13 : FF;
    1C14 : FF;
    1C15 : FF;
    1C16 : FF;
    1C17 : FF;
    1C18 : FF;
    1C19 : FF;
    1C1A : FF;
    1C1B : FF;
    1C1C : FF;
    1C1D : FF;
    1C1E : 00;
    1C1F : 00;
    1C20 : 00;
    1C21 : 00;
    1C22 : FF;
    1C23 : FF;
    1C24 : FF;
    1C25 : FF;
    1C26 : FF;
    1C27 : FF;
    1C28 : FF;
    1C29 : FF;
    1C2A : FF;
    1C2B : FF;
    1C2C : FF;
    1C2D : FF;
    1C2E : 00;
    1C2F : 00;
    1C30 : 00;
    1C31 : 00;
    1C32 : FF;
    1C33 : FF;
    1C34 : FF;
    1C35 : FF;
    1C36 : FF;
    1C37 : FF;
    1C38 : FF;
    1C39 : FF;
    1C3A : FF;
    1C3B : FF;
    1C3C : FF;
    1C3D : FF;
    1C3E : 00;
    1C3F : 00;
    1C40 : 00;
    1C41 : 00;
    1C42 : FF;
    1C43 : FF;
    1C44 : FF;
    1C45 : 00;
    1C46 : 00;
    1C47 : 00;
    1C48 : 00;
    1C49 : 00;
    1C4A : 00;
    1C4B : FF;
    1C4C : FF;
    1C4D : FF;
    1C4E : 00;
    1C4F : 00;
    1C50 : 00;
    1C51 : 00;
    1C52 : FF;
    1C53 : FF;
    1C54 : FF;
    1C55 : 00;
    1C56 : 00;
    1C57 : 00;
    1C58 : 00;
    1C59 : 00;
    1C5A : 00;
    1C5B : FF;
    1C5C : FF;
    1C5D : FF;
    1C5E : 00;
    1C5F : 00;
    1C60 : 00;
    1C61 : 00;
    1C62 : FF;
    1C63 : FF;
    1C64 : FF;
    1C65 : FF;
    1C66 : FF;
    1C67 : FF;
    1C68 : FF;
    1C69 : FF;
    1C6A : FF;
    1C6B : FF;
    1C6C : FF;
    1C6D : FF;
    1C6E : 00;
    1C6F : 00;
    1C70 : 00;
    1C71 : 00;
    1C72 : FF;
    1C73 : FF;
    1C74 : FF;
    1C75 : FF;
    1C76 : FF;
    1C77 : FF;
    1C78 : FF;
    1C79 : FF;
    1C7A : FF;
    1C7B : FF;
    1C7C : FF;
    1C7D : FF;
    1C7E : 00;
    1C7F : 00;
    1C80 : 00;
    1C81 : 00;
    1C82 : FF;
    1C83 : FF;
    1C84 : FF;
    1C85 : FF;
    1C86 : FF;
    1C87 : FF;
    1C88 : FF;
    1C89 : FF;
    1C8A : FF;
    1C8B : FF;
    1C8C : FF;
    1C8D : FF;
    1C8E : 00;
    1C8F : 00;
    1C90 : 00;
    1C91 : 00;
    1C92 : FF;
    1C93 : FF;
    1C94 : FF;
    1C95 : 00;
    1C96 : 00;
    1C97 : 00;
    1C98 : 00;
    1C99 : 00;
    1C9A : 00;
    1C9B : 00;
    1C9C : 00;
    1C9D : 00;
    1C9E : 00;
    1C9F : 00;
    1CA0 : 00;
    1CA1 : 00;
    1CA2 : FF;
    1CA3 : FF;
    1CA4 : FF;
    1CA5 : 00;
    1CA6 : 00;
    1CA7 : 00;
    1CA8 : 00;
    1CA9 : 00;
    1CAA : 00;
    1CAB : 00;
    1CAC : 00;
    1CAD : 00;
    1CAE : 00;
    1CAF : 00;
    1CB0 : 00;
    1CB1 : 00;
    1CB2 : FF;
    1CB3 : FF;
    1CB4 : FF;
    1CB5 : 00;
    1CB6 : 00;
    1CB7 : 00;
    1CB8 : 00;
    1CB9 : 00;
    1CBA : 00;
    1CBB : 00;
    1CBC : 00;
    1CBD : 00;
    1CBE : 00;
    1CBF : 00;
    1CC0 : 00;
    1CC1 : 00;
    1CC2 : FF;
    1CC3 : FF;
    1CC4 : FF;
    1CC5 : 00;
    1CC6 : 00;
    1CC7 : 00;
    1CC8 : 00;
    1CC9 : 00;
    1CCA : 00;
    1CCB : 00;
    1CCC : 00;
    1CCD : 00;
    1CCE : 00;
    1CCF : 00;
    1CD0 : 00;
    1CD1 : 00;
    1CD2 : FF;
    1CD3 : FF;
    1CD4 : FF;
    1CD5 : 00;
    1CD6 : 00;
    1CD7 : 00;
    1CD8 : 00;
    1CD9 : 00;
    1CDA : 00;
    1CDB : 00;
    1CDC : 00;
    1CDD : 00;
    1CDE : 00;
    1CDF : 00;
    1CE0 : 00;
    1CE1 : 00;
    1CE2 : FF;
    1CE3 : FF;
    1CE4 : FF;
    1CE5 : 00;
    1CE6 : 00;
    1CE7 : 00;
    1CE8 : 00;
    1CE9 : 00;
    1CEA : 00;
    1CEB : 00;
    1CEC : 00;
    1CED : 00;
    1CEE : 00;
    1CEF : 00;
    1CF0 : 00;
    1CF1 : 00;
    1CF2 : 00;
    1CF3 : 00;
    1CF4 : 00;
    1CF5 : 00;
    1CF6 : 00;
    1CF7 : 00;
    1CF8 : 00;
    1CF9 : 00;
    1CFA : 00;
    1CFB : 00;
    1CFC : 00;
    1CFD : 00;
    1CFE : 00;
    1CFF : 00;
    1D00 : 00;
    1D01 : 00;
    1D02 : 00;
    1D03 : 00;
    1D04 : 00;
    1D05 : 00;
    1D06 : 00;
    1D07 : 00;
    1D08 : 00;
    1D09 : 00;
    1D0A : 00;
    1D0B : 00;
    1D0C : 00;
    1D0D : 00;
    1D0E : 00;
    1D0F : 00;
    1D10 : 00;
    1D11 : 00;
    1D12 : FF;
    1D13 : FF;
    1D14 : FF;
    1D15 : FF;
    1D16 : FF;
    1D17 : FF;
    1D18 : FF;
    1D19 : FF;
    1D1A : FF;
    1D1B : FF;
    1D1C : FF;
    1D1D : 00;
    1D1E : 00;
    1D1F : 00;
    1D20 : 00;
    1D21 : 00;
    1D22 : FF;
    1D23 : FF;
    1D24 : FF;
    1D25 : FF;
    1D26 : FF;
    1D27 : FF;
    1D28 : FF;
    1D29 : FF;
    1D2A : FF;
    1D2B : FF;
    1D2C : FF;
    1D2D : FF;
    1D2E : 00;
    1D2F : 00;
    1D30 : 00;
    1D31 : 00;
    1D32 : FF;
    1D33 : FF;
    1D34 : FF;
    1D35 : FF;
    1D36 : FF;
    1D37 : FF;
    1D38 : FF;
    1D39 : FF;
    1D3A : FF;
    1D3B : FF;
    1D3C : FF;
    1D3D : FF;
    1D3E : 00;
    1D3F : 00;
    1D40 : 00;
    1D41 : 00;
    1D42 : FF;
    1D43 : FF;
    1D44 : FF;
    1D45 : 00;
    1D46 : 00;
    1D47 : 00;
    1D48 : 00;
    1D49 : 00;
    1D4A : 00;
    1D4B : FF;
    1D4C : FF;
    1D4D : FF;
    1D4E : 00;
    1D4F : 00;
    1D50 : 00;
    1D51 : 00;
    1D52 : FF;
    1D53 : FF;
    1D54 : FF;
    1D55 : 00;
    1D56 : 00;
    1D57 : 00;
    1D58 : 00;
    1D59 : 00;
    1D5A : 00;
    1D5B : FF;
    1D5C : FF;
    1D5D : FF;
    1D5E : 00;
    1D5F : 00;
    1D60 : 00;
    1D61 : 00;
    1D62 : FF;
    1D63 : FF;
    1D64 : FF;
    1D65 : 00;
    1D66 : 00;
    1D67 : 00;
    1D68 : 00;
    1D69 : FF;
    1D6A : FF;
    1D6B : FF;
    1D6C : FF;
    1D6D : 00;
    1D6E : 00;
    1D6F : 00;
    1D70 : 00;
    1D71 : 00;
    1D72 : FF;
    1D73 : FF;
    1D74 : FF;
    1D75 : 00;
    1D76 : 00;
    1D77 : 00;
    1D78 : FF;
    1D79 : FF;
    1D7A : FF;
    1D7B : 00;
    1D7C : 00;
    1D7D : 00;
    1D7E : 00;
    1D7F : 00;
    1D80 : 00;
    1D81 : 00;
    1D82 : FF;
    1D83 : FF;
    1D84 : FF;
    1D85 : 00;
    1D86 : 00;
    1D87 : 00;
    1D88 : FF;
    1D89 : FF;
    1D8A : FF;
    1D8B : 00;
    1D8C : 00;
    1D8D : 00;
    1D8E : 00;
    1D8F : 00;
    1D90 : 00;
    1D91 : 00;
    1D92 : FF;
    1D93 : FF;
    1D94 : FF;
    1D95 : 00;
    1D96 : 00;
    1D97 : 00;
    1D98 : 00;
    1D99 : FF;
    1D9A : FF;
    1D9B : FF;
    1D9C : FF;
    1D9D : 00;
    1D9E : 00;
    1D9F : 00;
    1DA0 : 00;
    1DA1 : 00;
    1DA2 : FF;
    1DA3 : FF;
    1DA4 : FF;
    1DA5 : 00;
    1DA6 : 00;
    1DA7 : 00;
    1DA8 : 00;
    1DA9 : 00;
    1DAA : 00;
    1DAB : FF;
    1DAC : FF;
    1DAD : FF;
    1DAE : 00;
    1DAF : 00;
    1DB0 : 00;
    1DB1 : 00;
    1DB2 : FF;
    1DB3 : FF;
    1DB4 : FF;
    1DB5 : 00;
    1DB6 : 00;
    1DB7 : 00;
    1DB8 : 00;
    1DB9 : 00;
    1DBA : 00;
    1DBB : FF;
    1DBC : FF;
    1DBD : FF;
    1DBE : 00;
    1DBF : 00;
    1DC0 : 00;
    1DC1 : 00;
    1DC2 : FF;
    1DC3 : FF;
    1DC4 : FF;
    1DC5 : FF;
    1DC6 : FF;
    1DC7 : FF;
    1DC8 : FF;
    1DC9 : FF;
    1DCA : FF;
    1DCB : FF;
    1DCC : FF;
    1DCD : FF;
    1DCE : 00;
    1DCF : 00;
    1DD0 : 00;
    1DD1 : 00;
    1DD2 : FF;
    1DD3 : FF;
    1DD4 : FF;
    1DD5 : FF;
    1DD6 : FF;
    1DD7 : FF;
    1DD8 : FF;
    1DD9 : FF;
    1DDA : FF;
    1DDB : FF;
    1DDC : FF;
    1DDD : FF;
    1DDE : 00;
    1DDF : 00;
    1DE0 : 00;
    1DE1 : 00;
    1DE2 : FF;
    1DE3 : FF;
    1DE4 : FF;
    1DE5 : FF;
    1DE6 : FF;
    1DE7 : FF;
    1DE8 : FF;
    1DE9 : FF;
    1DEA : FF;
    1DEB : FF;
    1DEC : FF;
    1DED : 00;
    1DEE : 00;
    1DEF : 00;
    1DF0 : 00;
    1DF1 : 00;
    1DF2 : 00;
    1DF3 : 00;
    1DF4 : 00;
    1DF5 : 00;
    1DF6 : 00;
    1DF7 : 00;
    1DF8 : 00;
    1DF9 : 00;
    1DFA : 00;
    1DFB : 00;
    1DFC : 00;
    1DFD : 00;
    1DFE : 00;
    1DFF : 00;
    1E00 : 00;
    1E01 : 00;
    1E02 : 00;
    1E03 : 00;
    1E04 : 00;
    1E05 : 00;
    1E06 : 00;
    1E07 : 00;
    1E08 : 00;
    1E09 : 00;
    1E0A : 00;
    1E0B : 00;
    1E0C : 00;
    1E0D : 00;
    1E0E : 00;
    1E0F : 00;
    1E10 : 00;
    1E11 : 00;
    1E12 : FF;
    1E13 : FF;
    1E14 : FF;
    1E15 : 00;
    1E16 : 00;
    1E17 : 00;
    1E18 : 00;
    1E19 : 00;
    1E1A : 00;
    1E1B : 00;
    1E1C : 00;
    1E1D : 00;
    1E1E : 00;
    1E1F : 00;
    1E20 : 00;
    1E21 : 00;
    1E22 : FF;
    1E23 : FF;
    1E24 : FF;
    1E25 : 00;
    1E26 : 00;
    1E27 : 00;
    1E28 : 00;
    1E29 : 00;
    1E2A : 00;
    1E2B : 00;
    1E2C : 00;
    1E2D : 00;
    1E2E : 00;
    1E2F : 00;
    1E30 : 00;
    1E31 : 00;
    1E32 : FF;
    1E33 : FF;
    1E34 : FF;
    1E35 : 00;
    1E36 : 00;
    1E37 : 00;
    1E38 : 00;
    1E39 : 00;
    1E3A : 00;
    1E3B : 00;
    1E3C : 00;
    1E3D : 00;
    1E3E : 00;
    1E3F : 00;
    1E40 : 00;
    1E41 : 00;
    1E42 : FF;
    1E43 : FF;
    1E44 : FF;
    1E45 : 00;
    1E46 : 00;
    1E47 : 00;
    1E48 : 00;
    1E49 : 00;
    1E4A : 00;
    1E4B : 00;
    1E4C : 00;
    1E4D : 00;
    1E4E : 00;
    1E4F : 00;
    1E50 : 00;
    1E51 : 00;
    1E52 : FF;
    1E53 : FF;
    1E54 : FF;
    1E55 : 00;
    1E56 : 00;
    1E57 : 00;
    1E58 : 00;
    1E59 : 00;
    1E5A : 00;
    1E5B : 00;
    1E5C : 00;
    1E5D : 00;
    1E5E : 00;
    1E5F : 00;
    1E60 : 00;
    1E61 : 00;
    1E62 : FF;
    1E63 : FF;
    1E64 : FF;
    1E65 : 00;
    1E66 : 00;
    1E67 : 00;
    1E68 : 00;
    1E69 : 00;
    1E6A : 00;
    1E6B : 00;
    1E6C : 00;
    1E6D : 00;
    1E6E : 00;
    1E6F : 00;
    1E70 : 00;
    1E71 : 00;
    1E72 : FF;
    1E73 : FF;
    1E74 : FF;
    1E75 : 00;
    1E76 : 00;
    1E77 : 00;
    1E78 : 00;
    1E79 : 00;
    1E7A : 00;
    1E7B : 00;
    1E7C : 00;
    1E7D : 00;
    1E7E : 00;
    1E7F : 00;
    1E80 : 00;
    1E81 : 00;
    1E82 : FF;
    1E83 : FF;
    1E84 : FF;
    1E85 : 00;
    1E86 : 00;
    1E87 : 00;
    1E88 : 00;
    1E89 : 00;
    1E8A : 00;
    1E8B : 00;
    1E8C : 00;
    1E8D : 00;
    1E8E : 00;
    1E8F : 00;
    1E90 : 00;
    1E91 : 00;
    1E92 : FF;
    1E93 : FF;
    1E94 : FF;
    1E95 : 00;
    1E96 : 00;
    1E97 : 00;
    1E98 : 00;
    1E99 : 00;
    1E9A : 00;
    1E9B : 00;
    1E9C : 00;
    1E9D : 00;
    1E9E : 00;
    1E9F : 00;
    1EA0 : 00;
    1EA1 : 00;
    1EA2 : FF;
    1EA3 : FF;
    1EA4 : FF;
    1EA5 : 00;
    1EA6 : 00;
    1EA7 : 00;
    1EA8 : 00;
    1EA9 : 00;
    1EAA : 00;
    1EAB : 00;
    1EAC : 00;
    1EAD : 00;
    1EAE : 00;
    1EAF : 00;
    1EB0 : 00;
    1EB1 : 00;
    1EB2 : FF;
    1EB3 : FF;
    1EB4 : FF;
    1EB5 : 00;
    1EB6 : 00;
    1EB7 : 00;
    1EB8 : 00;
    1EB9 : 00;
    1EBA : 00;
    1EBB : 00;
    1EBC : 00;
    1EBD : 00;
    1EBE : 00;
    1EBF : 00;
    1EC0 : 00;
    1EC1 : 00;
    1EC2 : FF;
    1EC3 : FF;
    1EC4 : FF;
    1EC5 : FF;
    1EC6 : FF;
    1EC7 : FF;
    1EC8 : FF;
    1EC9 : FF;
    1ECA : FF;
    1ECB : FF;
    1ECC : FF;
    1ECD : FF;
    1ECE : 00;
    1ECF : 00;
    1ED0 : 00;
    1ED1 : 00;
    1ED2 : FF;
    1ED3 : FF;
    1ED4 : FF;
    1ED5 : FF;
    1ED6 : FF;
    1ED7 : FF;
    1ED8 : FF;
    1ED9 : FF;
    1EDA : FF;
    1EDB : FF;
    1EDC : FF;
    1EDD : FF;
    1EDE : 00;
    1EDF : 00;
    1EE0 : 00;
    1EE1 : 00;
    1EE2 : FF;
    1EE3 : FF;
    1EE4 : FF;
    1EE5 : FF;
    1EE6 : FF;
    1EE7 : FF;
    1EE8 : FF;
    1EE9 : FF;
    1EEA : FF;
    1EEB : FF;
    1EEC : FF;
    1EED : FF;
    1EEE : 00;
    1EEF : 00;
    1EF0 : 00;
    1EF1 : 00;
    1EF2 : 00;
    1EF3 : 00;
    1EF4 : 00;
    1EF5 : 00;
    1EF6 : 00;
    1EF7 : 00;
    1EF8 : 00;
    1EF9 : 00;
    1EFA : 00;
    1EFB : 00;
    1EFC : 00;
    1EFD : 00;
    1EFE : 00;
    1EFF : 00;
    1F00 : 00;
    1F01 : 00;
    1F02 : 00;
    1F03 : 00;
    1F04 : 00;
    1F05 : 00;
    1F06 : 00;
    1F07 : 00;
    1F08 : 00;
    1F09 : 00;
    1F0A : 00;
    1F0B : 00;
    1F0C : 00;
    1F0D : 00;
    1F0E : 00;
    1F0F : 00;
    1F10 : 00;
    1F11 : 00;
    1F12 : 00;
    1F13 : 00;
    1F14 : 00;
    1F15 : 00;
    1F16 : FF;
    1F17 : FF;
    1F18 : FF;
    1F19 : FF;
    1F1A : FF;
    1F1B : 00;
    1F1C : 00;
    1F1D : 00;
    1F1E : 00;
    1F1F : 00;
    1F20 : 00;
    1F21 : 00;
    1F22 : 00;
    1F23 : 00;
    1F24 : 00;
    1F25 : 00;
    1F26 : FF;
    1F27 : FF;
    1F28 : FF;
    1F29 : FF;
    1F2A : FF;
    1F2B : 00;
    1F2C : 00;
    1F2D : 00;
    1F2E : 00;
    1F2F : 00;
    1F30 : 00;
    1F31 : 00;
    1F32 : 00;
    1F33 : 00;
    1F34 : 00;
    1F35 : 00;
    1F36 : FF;
    1F37 : FF;
    1F38 : FF;
    1F39 : FF;
    1F3A : FF;
    1F3B : 00;
    1F3C : 00;
    1F3D : 00;
    1F3E : 00;
    1F3F : 00;
    1F40 : 00;
    1F41 : 00;
    1F42 : 00;
    1F43 : 00;
    1F44 : 00;
    1F45 : 00;
    1F46 : 00;
    1F47 : 00;
    1F48 : FF;
    1F49 : FF;
    1F4A : FF;
    1F4B : 00;
    1F4C : 00;
    1F4D : 00;
    1F4E : 00;
    1F4F : 00;
    1F50 : 00;
    1F51 : 00;
    1F52 : 00;
    1F53 : 00;
    1F54 : 00;
    1F55 : 00;
    1F56 : 00;
    1F57 : 00;
    1F58 : FF;
    1F59 : FF;
    1F5A : FF;
    1F5B : 00;
    1F5C : 00;
    1F5D : 00;
    1F5E : 00;
    1F5F : 00;
    1F60 : 00;
    1F61 : 00;
    1F62 : 00;
    1F63 : 00;
    1F64 : 00;
    1F65 : 00;
    1F66 : 00;
    1F67 : 00;
    1F68 : FF;
    1F69 : FF;
    1F6A : FF;
    1F6B : 00;
    1F6C : 00;
    1F6D : 00;
    1F6E : 00;
    1F6F : 00;
    1F70 : 00;
    1F71 : 00;
    1F72 : 00;
    1F73 : 00;
    1F74 : 00;
    1F75 : 00;
    1F76 : 00;
    1F77 : 00;
    1F78 : FF;
    1F79 : FF;
    1F7A : FF;
    1F7B : 00;
    1F7C : 00;
    1F7D : 00;
    1F7E : 00;
    1F7F : 00;
    1F80 : 00;
    1F81 : 00;
    1F82 : 00;
    1F83 : 00;
    1F84 : 00;
    1F85 : 00;
    1F86 : 00;
    1F87 : 00;
    1F88 : FF;
    1F89 : FF;
    1F8A : FF;
    1F8B : 00;
    1F8C : 00;
    1F8D : 00;
    1F8E : 00;
    1F8F : 00;
    1F90 : 00;
    1F91 : 00;
    1F92 : 00;
    1F93 : 00;
    1F94 : 00;
    1F95 : 00;
    1F96 : 00;
    1F97 : 00;
    1F98 : FF;
    1F99 : FF;
    1F9A : FF;
    1F9B : 00;
    1F9C : 00;
    1F9D : 00;
    1F9E : 00;
    1F9F : 00;
    1FA0 : 00;
    1FA1 : 00;
    1FA2 : 00;
    1FA3 : 00;
    1FA4 : 00;
    1FA5 : 00;
    1FA6 : 00;
    1FA7 : 00;
    1FA8 : FF;
    1FA9 : FF;
    1FAA : FF;
    1FAB : 00;
    1FAC : 00;
    1FAD : 00;
    1FAE : 00;
    1FAF : 00;
    1FB0 : 00;
    1FB1 : 00;
    1FB2 : 00;
    1FB3 : 00;
    1FB4 : 00;
    1FB5 : 00;
    1FB6 : 00;
    1FB7 : 00;
    1FB8 : FF;
    1FB9 : FF;
    1FBA : FF;
    1FBB : 00;
    1FBC : 00;
    1FBD : 00;
    1FBE : 00;
    1FBF : 00;
    1FC0 : 00;
    1FC1 : 00;
    1FC2 : 00;
    1FC3 : 00;
    1FC4 : 00;
    1FC5 : 00;
    1FC6 : 00;
    1FC7 : 00;
    1FC8 : FF;
    1FC9 : FF;
    1FCA : FF;
    1FCB : 00;
    1FCC : 00;
    1FCD : 00;
    1FCE : 00;
    1FCF : 00;
    1FD0 : 00;
    1FD1 : 00;
    1FD2 : 00;
    1FD3 : 00;
    1FD4 : 00;
    1FD5 : 00;
    1FD6 : 00;
    1FD7 : 00;
    1FD8 : FF;
    1FD9 : FF;
    1FDA : FF;
    1FDB : 00;
    1FDC : 00;
    1FDD : 00;
    1FDE : 00;
    1FDF : 00;
    1FE0 : 00;
    1FE1 : 00;
    1FE2 : 00;
    1FE3 : 00;
    1FE4 : 00;
    1FE5 : 00;
    1FE6 : 00;
    1FE7 : 00;
    1FE8 : FF;
    1FE9 : FF;
    1FEA : FF;
    1FEB : 00;
    1FEC : 00;
    1FED : 00;
    1FEE : 00;
    1FEF : 00;
    1FF0 : 00;
    1FF1 : 00;
    1FF2 : 00;
    1FF3 : 00;
    1FF4 : 00;
    1FF5 : 00;
    1FF6 : 00;
    1FF7 : 00;
    1FF8 : 00;
    1FF9 : 00;
    1FFA : 00;
    1FFB : 00;
    1FFC : 00;
    1FFD : 00;
    1FFE : 00;
    1FFF : 00;
END;
